temp,best_sa_tour_length
500,8325
501,8049
502,8362
503,8582
504,8314
505,8582
506,8409
507,8280
508,8582
509,8027
510,8296
511,8306
512,8309
513,8460
514,8336
515,8527
516,8372
517,8371
518,8515
519,8526
520,8266
521,8017
522,8580
523,8582
524,8582
525,8416
526,8422
527,8201
528,8582
529,8191
530,8488
531,8506
532,8133
533,8502
534,8476
535,8582
536,8508
537,8351
538,8582
539,8185
540,8336
541,8223
542,8472
543,8192
544,8424
545,8491
546,8582
547,8500
548,8266
549,8582
550,8476
551,8494
552,8582
553,8536
554,8582
555,8582
556,8439
557,8283
558,8311
559,8582
560,8582
561,8052
562,8582
563,8501
564,8344
565,8251
566,8417
567,8520
568,8429
569,8476
570,8582
571,8582
572,8582
573,8582
574,8403
575,7761
576,8545
577,8544
578,8582
579,8346
580,8531
581,8582
582,8582
583,8582
584,8241
585,8239
586,8483
587,8329
588,8244
589,8560
590,8553
591,8363
592,8279
593,8157
594,8582
595,8374
596,8519
597,8330
598,8349
599,8582
600,8375
601,8441
602,8496
603,8582
604,8284
605,8582
606,8582
607,8582
608,8281
609,8302
610,8582
611,7726
612,8267
613,8232
614,8412
615,8500
616,8208
617,8252
618,8582
619,8132
620,8520
621,8581
622,8582
623,8582
624,8328
625,8582
626,8281
627,8582
628,8301
629,8582
630,8582
631,8582
632,8582
633,8176
634,8260
635,8582
636,8582
637,8582
638,8198
639,8582
640,8376
641,8224
642,8582
643,8332
644,8394
645,8582
646,8514
647,8582
648,8562
649,8542
650,8579
651,8582
652,8217
653,8523
654,8582
655,8575
656,8340
657,8004
658,8498
659,8582
660,8228
661,8281
662,8524
663,8582
664,8582
665,8374
666,8582
667,8582
668,8468
669,8404
670,8582
671,7962
672,8420
673,8405
674,8562
675,7878
676,8582
677,8559
678,8582
679,8582
680,8309
681,8411
682,8582
683,8159
684,8486
685,8265
686,8582
687,8582
688,8582
689,8537
690,8582
691,8340
692,8582
693,8582
694,8582
695,8582
696,8286
697,8582
698,8582
699,8451
700,8582
701,8516
702,8384
703,8420
704,8582
705,8582
706,8582
707,8582
708,8441
709,8392
710,8545
711,8220
712,8431
713,8295
714,8401
715,8582
716,8185
717,8582
718,8142
719,8582
720,8146
721,8003
722,8582
723,8378
724,8219
725,7996
726,8582
727,8576
728,8343
729,7907
730,8386
731,8582
732,8567
733,8582
734,8176
735,8582
736,8402
737,8112
738,8236
739,8316
740,8582
741,8582
742,8464
743,8022
744,8173
745,8511
746,8260
747,8563
748,8582
749,8579
750,8582
751,8263
752,8582
753,8193
754,8582
755,8582
756,8355
757,8573
758,8151
759,8582
760,8255
761,8582
762,8506
763,8570
764,8133
765,8414
766,8582
767,8234
768,8548
769,8416
770,8206
771,8582
772,8582
773,8293
774,8409
775,8582
776,8582
777,8467
778,8415
779,8541
780,8582
781,8498
782,8582
783,8582
784,8459
785,8582
786,8582
787,8582
788,8551
789,8291
790,8293
791,8582
792,8582
793,8582
794,8582
795,8582
796,8257
797,8095
798,8582
799,8582
800,8252
801,8582
802,8582
803,8582
804,8582
805,8406
806,8582
807,8274
808,7854
809,8582
810,8444
811,8457
812,8158
813,8582
814,8065
815,8582
816,8582
817,8513
818,8582
819,8582
820,8582
821,8582
822,8582
823,8582
824,8582
825,8582
826,8582
827,8582
828,8582
829,8176
830,8582
831,8479
832,8582
833,8582
834,8582
835,8532
836,8167
837,8582
838,8582
839,8582
840,8503
841,8582
842,8582
843,8582
844,8412
845,8582
846,8557
847,8582
848,8582
849,8582
850,8582
851,8582
852,8551
853,8333
854,8582
855,8035
856,8582
857,8560
858,8582
859,8393
860,8319
861,8282
862,8479
863,8582
864,8582
865,8260
866,8582
867,8538
868,8582
869,8373
870,8444
871,8021
872,8114
873,8582
874,8253
875,8582
876,8516
877,8210
878,8221
879,8582
880,8582
881,8582
882,8582
883,8582
884,8582
885,8582
886,8582
887,8582
888,8493
889,8582
890,8321
891,8504
892,8582
893,8582
894,8582
895,8442
896,8582
897,8582
898,8242
899,8197
900,8412
901,8582
902,8582
903,8582
904,8582
905,8582
906,8582
907,8373
908,8041
909,8582
910,8582
911,8582
912,8582
913,8582
914,8496
915,8421
916,8582
917,8582
918,8582
919,8552
920,8449
921,8229
922,8377
923,8470
924,8058
925,8468
926,8582
927,8582
928,8582
929,8477
930,8390
931,8582
932,8118
933,8582
934,8551
935,8582
936,8369
937,8113
938,8334
939,8443
940,8582
941,8582
942,8492
943,8524
944,8120
945,8582
946,8582
947,8211
948,8195
949,8541
950,8405
951,8582
952,8141
953,8416
954,8552
955,8582
956,7782
957,8500
958,8566
959,8364
960,8570
961,8582
962,8284
963,8582
964,8582
965,8582
966,8582
967,8582
968,8582
969,8511
970,8582
971,8271
972,8394
973,8582
974,8582
975,8582
976,8582
977,8579
978,8500
979,8582
980,8370
981,8582
982,8163
983,8582
984,8582
985,8573
986,8582
987,8243
988,8582
989,8582
990,8582
991,8501
992,8471
993,8378
994,8582
995,8577
996,8582
997,8582
998,8521
999,8256
1000,8582
1001,8229
1002,8582
1003,8427
1004,8008
1005,8582
1006,8194
1007,8582
1008,8391
1009,8582
1010,8407
1011,8582
1012,8582
1013,8582
1014,8341
1015,8271
1016,8291
1017,8582
1018,8582
1019,8582
1020,8582
1021,8468
1022,8582
1023,8582
1024,8582
1025,8432
1026,8578
1027,8316
1028,8582
1029,8582
1030,8582
1031,8582
1032,8582
1033,8582
1034,8582
1035,8331
1036,8582
1037,8342
1038,8416
1039,8293
1040,8312
1041,8537
1042,8582
1043,8336
1044,8582
1045,8315
1046,8430
1047,8422
1048,8582
1049,8582
1050,8582
1051,8274
1052,8582
1053,8259
1054,8582
1055,8582
1056,8582
1057,8487
1058,8582
1059,8376
1060,8556
1061,8531
1062,8582
1063,8582
1064,8537
1065,8382
1066,8582
1067,8429
1068,8582
1069,8491
1070,8522
1071,8297
1072,8059
1073,8439
1074,8582
1075,8280
1076,8469
1077,8582
1078,8582
1079,8061
1080,8512
1081,8129
1082,8576
1083,8582
1084,8236
1085,8449
1086,8566
1087,8582
1088,8302
1089,8582
1090,8259
1091,8582
1092,8582
1093,8582
1094,8575
1095,8582
1096,8412
1097,8582
1098,8582
1099,8540
1100,8582
1101,8582
1102,8422
1103,8361
1104,8582
1105,8582
1106,8582
1107,8479
1108,8405
1109,8582
1110,8396
1111,8582
1112,8582
1113,8537
1114,8582
1115,8582
1116,8582
1117,8448
1118,8582
1119,8376
1120,8582
1121,8582
1122,8582
1123,8343
1124,8320
1125,8582
1126,8582
1127,8582
1128,8345
1129,8582
1130,8337
1131,8400
1132,8582
1133,8561
1134,8545
1135,8582
1136,8582
1137,8582
1138,8582
1139,8290
1140,8582
1141,8237
1142,8175
1143,8582
1144,8410
1145,8578
1146,8582
1147,8582
1148,8582
1149,8582
1150,8582
1151,8582
1152,8453
1153,8582
1154,8310
1155,8582
1156,8582
1157,8494
1158,8478
1159,8582
1160,8400
1161,8582
1162,8472
1163,8582
1164,8450
1165,8582
1166,8533
1167,8582
1168,8582
1169,8582
1170,8089
1171,8232
1172,8442
1173,8180
1174,8568
1175,8582
1176,8582
1177,8582
1178,8547
1179,8582
1180,8582
1181,8582
1182,8582
1183,8318
1184,8582
1185,8582
1186,8550
1187,8582
1188,8582
1189,8428
1190,8582
1191,8582
1192,8582
1193,8582
1194,8582
1195,8582
1196,8582
1197,8582
1198,8482
1199,8582
1200,8353
1201,8167
1202,8582
1203,8582
1204,8387
1205,8582
1206,8582
1207,8454
1208,8582
1209,8497
1210,8582
1211,8373
1212,8582
1213,8582
1214,8266
1215,8474
1216,8582
1217,8582
1218,8554
1219,8582
1220,8582
1221,8582
1222,8582
1223,8514
1224,8288
1225,8457
1226,8399
1227,8293
1228,8474
1229,8417
1230,8559
1231,8504
1232,8582
1233,8550
1234,8464
1235,8567
1236,8470
1237,8582
1238,8582
1239,8582
1240,8582
1241,8482
1242,8582
1243,8582
1244,8303
1245,8118
1246,8582
1247,8582
1248,8382
1249,8582
1250,8582
1251,8582
1252,8582
1253,8375
1254,8582
1255,8322
1256,8582
1257,8582
1258,8582
1259,8582
1260,8582
1261,8527
1262,8136
1263,8582
1264,8582
1265,8306
1266,8461
1267,8072
1268,8281
1269,8582
1270,8582
1271,7984
1272,8316
1273,8582
1274,8511
1275,8380
1276,8582
1277,8582
1278,8582
1279,8582
1280,8582
1281,8225
1282,8582
1283,8582
1284,8582
1285,8582
1286,8574
1287,8473
1288,8582
1289,8264
1290,8168
1291,8582
1292,8582
1293,8582
1294,8582
1295,8427
1296,8582
1297,8582
1298,8351
1299,8582
1300,8334
1301,8582
1302,8582
1303,8582
1304,8582
1305,8582
1306,8331
1307,8533
1308,8582
1309,8582
1310,8176
1311,8148
1312,8582
1313,8250
1314,8087
1315,8471
1316,8582
1317,8582
1318,8582
1319,8582
1320,8582
1321,8392
1322,8582
1323,8546
1324,8315
1325,8582
1326,8400
1327,8582
1328,8537
1329,8465
1330,8517
1331,8582
1332,8460
1333,8320
1334,8185
1335,8423
1336,8582
1337,8327
1338,8082
1339,8582
1340,8582
1341,8582
1342,8343
1343,8582
1344,7921
1345,8020
1346,8582
1347,8235
1348,8582
1349,8582
1350,8582
1351,8553
1352,8582
1353,8248
1354,8438
1355,8416
1356,8582
1357,8582
1358,8294
1359,8582
1360,8582
1361,8582
1362,8563
1363,8582
1364,8582
1365,8533
1366,8292
1367,8582
1368,8582
1369,8582
1370,8441
1371,8582
1372,8093
1373,8582
1374,8582
1375,8582
1376,8166
1377,8419
1378,8582
1379,8582
1380,8582
1381,8582
1382,8582
1383,8582
1384,8582
1385,8360
1386,8582
1387,8395
1388,8582
1389,8582
1390,8203
1391,8582
1392,8582
1393,8032
1394,8582
1395,8582
1396,8582
1397,8582
1398,8582
1399,8582
1400,8402
1401,8384
1402,8345
1403,8582
1404,8582
1405,8556
1406,8582
1407,8438
1408,8582
1409,8030
1410,8582
1411,8582
1412,8582
1413,8433
1414,8553
1415,8582
1416,8478
1417,8582
1418,8478
1419,8172
1420,8540
1421,8511
1422,8393
1423,8582
1424,8582
1425,8106
1426,8335
1427,8284
1428,8568
1429,8387
1430,8582
1431,8582
1432,8436
1433,8582
1434,8433
1435,8582
1436,8582
1437,8509
1438,8582
1439,8567
1440,8573
1441,8409
1442,8310
1443,8582
1444,8582
1445,8582
1446,8582
1447,8582
1448,8582
1449,8552
1450,8299
1451,8582
1452,8166
1453,8582
1454,8570
1455,8582
1456,8582
1457,8492
1458,8582
1459,8582
1460,8437
1461,8582
1462,8549
1463,8582
1464,8582
1465,8582
1466,8536
1467,8582
1468,8372
1469,8582
1470,8582
1471,8582
1472,8521
1473,8582
1474,8532
1475,8430
1476,8582
1477,8492
1478,8395
1479,8582
1480,8582
1481,8582
1482,8582
1483,8582
1484,8522
1485,8549
1486,8566
1487,8582
1488,8462
1489,8582
1490,8582
1491,8582
1492,8582
1493,8582
1494,8582
1495,8582
1496,8400
1497,8326
1498,8537
1499,8582
1500,8582
1501,8582
1502,8582
1503,8582
1504,8582
1505,8582
1506,8582
1507,8127
1508,8582
1509,8582
1510,8582
1511,8582
1512,8469
1513,8582
1514,8420
1515,8582
1516,8582
1517,8582
1518,8582
1519,8582
1520,8582
1521,8582
1522,8579
1523,8582
1524,8582
1525,8534
1526,8582
1527,8582
1528,8218
1529,8582
1530,8527
1531,8582
1532,8582
1533,8582
1534,8582
1535,8526
1536,8393
1537,8027
1538,8582
1539,8582
1540,8582
1541,8582
1542,8516
1543,8531
1544,8422
1545,8456
1546,8347
1547,8076
1548,8516
1549,8582
1550,8582
1551,8581
1552,8128
1553,8582
1554,8582
1555,8582
1556,8582
1557,8243
1558,8183
1559,8582
1560,8582
1561,8582
1562,8431
1563,8205
1564,8582
1565,8508
1566,8582
1567,8478
1568,8582
1569,8401
1570,8582
1571,8297
1572,8195
1573,8582
1574,8375
1575,8352
1576,8582
1577,8582
1578,8548
1579,8582
1580,8509
1581,8582
1582,8582
1583,8582
1584,8582
1585,8132
1586,8582
1587,8495
1588,8474
1589,8293
1590,8458
1591,8498
1592,8582
1593,8381
1594,8582
1595,8582
1596,8365
1597,8582
1598,7995
1599,8582
1600,8582
1601,8582
1602,8582
1603,8582
1604,8582
1605,8455
1606,8582
1607,8582
1608,8582
1609,8582
1610,8459
1611,8582
1612,8582
1613,8582
1614,8582
1615,8453
1616,8578
1617,8254
1618,8487
1619,8582
1620,8153
1621,8490
1622,8572
1623,8582
1624,8582
1625,8490
1626,8582
1627,8582
1628,8582
1629,8150
1630,8582
1631,8199
1632,8582
1633,8582
1634,8582
1635,8439
1636,8364
1637,8582
1638,8582
1639,8364
1640,8582
1641,8573
1642,8582
1643,8391
1644,8582
1645,8582
1646,8582
1647,8573
1648,8525
1649,8459
1650,8582
1651,8582
1652,8582
1653,8582
1654,8582
1655,8582
1656,8548
1657,8570
1658,8048
1659,8582
1660,8582
1661,8385
1662,8393
1663,8582
1664,8582
1665,8582
1666,8158
1667,8582
1668,8465
1669,8582
1670,8292
1671,8456
1672,8582
1673,8582
1674,7839
1675,8582
1676,8582
1677,8452
1678,8493
1679,8582
1680,8582
1681,8582
1682,8582
1683,8582
1684,8582
1685,8582
1686,8582
1687,8526
1688,8174
1689,8582
1690,8582
1691,8582
1692,8582
1693,8582
1694,8582
1695,8330
1696,8582
1697,8467
1698,8582
1699,8582
1700,8582
1701,8487
1702,8582
1703,8582
1704,8582
1705,8432
1706,8422
1707,8429
1708,8582
1709,8582
1710,8582
1711,8582
1712,8582
1713,8573
1714,8582
1715,8524
1716,8582
1717,8582
1718,8145
1719,8582
1720,8170
1721,8582
1722,8453
1723,8112
1724,8582
1725,8449
1726,8538
1727,8574
1728,8582
1729,8582
1730,8369
1731,8582
1732,8582
1733,8439
1734,8582
1735,8582
1736,8582
1737,8377
1738,8582
1739,8582
1740,8582
1741,8425
1742,8582
1743,8582
1744,8307
1745,8582
1746,8582
1747,8463
1748,8582
1749,8582
1750,8334
1751,8582
1752,8582
1753,8582
1754,8582
1755,8582
1756,8582
1757,8582
1758,8582
1759,8261
1760,8582
1761,8489
1762,8292
1763,8502
1764,8275
1765,8106
1766,8582
1767,8582
1768,8582
1769,8579
1770,8582
1771,8279
1772,8302
1773,8478
1774,8582
1775,8582
1776,8582
1777,8582
1778,8468
1779,8428
1780,8445
1781,8530
1782,8582
1783,8582
1784,8367
1785,8490
1786,8100
1787,8458
1788,8582
1789,8475
1790,8582
1791,8324
1792,8322
1793,8582
1794,8582
1795,8546
1796,8509
1797,8283
1798,8421
1799,8582
1800,8582
1801,8489
1802,8582
1803,8173
1804,8582
1805,8582
1806,8582
1807,8582
1808,8582
1809,8582
1810,8582
1811,8582
1812,8582
1813,8559
1814,8343
1815,8317
1816,8582
1817,8582
1818,8555
1819,8582
1820,8570
1821,8168
1822,8582
1823,8347
1824,8582
1825,8582
1826,8582
1827,8582
1828,8112
1829,8582
1830,8582
1831,8416
1832,8531
1833,8343
1834,8260
1835,8517
1836,8582
1837,8582
1838,8481
1839,8582
1840,8582
1841,8582
1842,8582
1843,8582
1844,8582
1845,8582
1846,8582
1847,8582
1848,8582
1849,8582
1850,8511
1851,8582
1852,8398
1853,8582
1854,8582
1855,8318
1856,8168
1857,8293
1858,8500
1859,8582
1860,8560
1861,8582
1862,8582
1863,8582
1864,8582
1865,8545
1866,8245
1867,8528
1868,8377
1869,8582
1870,8582
1871,8491
1872,8179
1873,8582
1874,8582
1875,8582
1876,8582
1877,8303
1878,8499
1879,8582
1880,8582
1881,8311
1882,8582
1883,8469
1884,8580
1885,8582
1886,8107
1887,8582
1888,8582
1889,8582
1890,8582
1891,8582
1892,8582
1893,8582
1894,8582
1895,8582
1896,8495
1897,8582
1898,8582
1899,8582
1900,8582
1901,8189
1902,8332
1903,8582
1904,8582
1905,8582
1906,8582
1907,8582
1908,8429
1909,8582
1910,8558
1911,8582
1912,8582
1913,8582
1914,8355
1915,8582
1916,8582
1917,8582
1918,8452
1919,8468
1920,8582
1921,8582
1922,8574
1923,8582
1924,8582
1925,8582
1926,8569
1927,8582
1928,8582
1929,8498
1930,8582
1931,8535
1932,7796
1933,8345
1934,8582
1935,8582
1936,8450
1937,8582
1938,8582
1939,8582
1940,8582
1941,8354
1942,8345
1943,8408
1944,8582
1945,8582
1946,8582
1947,8582
1948,8286
1949,8525
1950,8582
1951,8582
1952,8495
1953,8516
1954,8228
1955,8344
1956,8516
1957,8582
1958,8582
1959,8582
1960,8582
1961,8490
1962,8582
1963,8367
1964,8582
1965,8582
1966,8582
1967,8375
1968,8582
1969,8289
1970,8582
1971,8582
1972,8577
1973,8582
1974,8250
1975,8582
1976,8477
1977,8555
1978,8582
1979,8513
1980,8582
1981,8245
1982,8566
1983,8300
1984,8582
1985,8489
1986,8582
1987,8582
1988,8410
1989,8582
1990,8582
1991,8582
1992,8486
1993,8582
1994,8485
1995,8546
1996,7969
1997,8582
1998,8570
1999,8362
2000,8582
2001,8582
2002,8582
2003,8582
2004,8582
2005,8582
2006,8338
2007,8582
2008,8415
2009,8582
2010,8533
2011,8373
2012,8538
2013,8582
2014,8429
2015,8582
2016,8555
2017,8582
2018,8582
2019,8582
2020,8582
2021,8582
2022,8258
2023,8582
2024,8466
2025,8582
2026,8354
2027,8582
2028,8582
2029,8264
2030,8582
2031,8561
2032,8582
2033,8582
2034,8582
2035,8582
2036,8487
2037,8582
2038,8582
2039,8582
2040,8582
2041,8582
2042,8582
2043,8582
2044,8120
2045,8524
2046,8582
2047,8298
2048,8582
2049,8582
2050,8180
2051,8018
2052,8582
2053,8582
2054,8582
2055,8582
2056,8570
2057,8582
2058,8386
2059,8582
2060,8582
2061,8582
2062,8582
2063,8389
2064,8582
2065,8582
2066,8420
2067,8582
2068,8582
2069,8553
2070,8582
2071,8582
2072,8582
2073,8582
2074,8219
2075,8239
2076,8582
2077,8518
2078,8582
2079,8582
2080,8582
2081,8435
2082,8582
2083,8582
2084,8138
2085,8582
2086,8582
2087,8387
2088,8319
2089,8582
2090,8361
2091,8582
2092,8582
2093,8582
2094,7881
2095,8318
2096,8582
2097,8449
2098,8454
2099,8404
2100,8582
2101,8255
2102,8222
2103,8582
2104,8493
2105,8294
2106,8341
2107,8582
2108,8582
2109,8582
2110,8339
2111,8582
2112,8582
2113,8109
2114,8582
2115,8582
2116,8582
2117,8560
2118,8582
2119,8582
2120,8582
2121,8374
2122,8582
2123,8582
2124,8500
2125,8582
2126,8582
2127,8582
2128,8383
2129,8582
2130,8478
2131,8582
2132,8144
2133,8582
2134,8469
2135,8428
2136,8339
2137,8582
2138,8410
2139,8582
2140,8471
2141,8582
2142,8550
2143,8582
2144,8582
2145,8582
2146,8582
2147,8478
2148,8408
2149,8582
2150,8582
2151,8447
2152,8484
2153,8582
2154,8484
2155,8582
2156,8477
2157,8435
2158,8477
2159,8582
2160,8463
2161,8446
2162,8582
2163,8582
2164,8582
2165,8582
2166,8582
2167,8582
2168,8553
2169,8582
2170,8451
2171,8180
2172,8100
2173,8582
2174,8582
2175,8582
2176,8582
2177,8437
2178,8528
2179,8374
2180,8582
2181,8542
2182,8582
2183,8582
2184,8574
2185,8505
2186,8582
2187,8578
2188,8180
2189,8582
2190,8582
2191,8582
2192,8582
2193,8581
2194,8488
2195,8582
2196,8505
2197,8382
2198,8582
2199,8489
2200,8582
2201,8582
2202,8582
2203,8432
2204,8582
2205,8582
2206,8582
2207,8582
2208,8582
2209,8582
2210,8528
2211,8582
2212,8582
2213,8582
2214,8582
2215,8582
2216,8310
2217,8134
2218,8582
2219,8582
2220,8582
2221,8582
2222,8582
2223,8578
2224,8582
2225,8582
2226,8399
2227,8582
2228,8582
2229,8582
2230,8582
2231,8582
2232,8285
2233,8582
2234,8582
2235,8409
2236,8235
2237,8437
2238,8553
2239,8534
2240,8582
2241,8582
2242,8368
2243,8076
2244,8582
2245,8582
2246,8582
2247,8582
2248,8582
2249,8582
2250,8418
2251,8100
2252,8582
2253,8582
2254,8440
2255,8557
2256,8419
2257,7970
2258,8582
2259,8573
2260,8582
2261,8332
2262,8582
2263,8309
2264,8403
2265,8582
2266,8330
2267,8582
2268,8582
2269,8582
2270,8362
2271,8445
2272,8582
2273,8138
2274,8279
2275,8453
2276,8582
2277,8582
2278,8582
2279,8582
2280,8582
2281,8459
2282,8455
2283,8299
2284,8329
2285,8582
2286,8582
2287,8472
2288,8582
2289,8582
2290,8582
2291,8582
2292,8494
2293,8276
2294,8582
2295,8582
2296,8446
2297,8582
2298,8582
2299,8582
2300,8582
2301,8064
2302,8582
2303,8493
2304,8582
2305,8141
2306,8336
2307,8582
2308,8319
2309,8582
2310,8582
2311,8582
2312,8202
2313,8490
2314,8582
2315,8582
2316,8582
2317,8582
2318,8582
2319,8582
2320,8233
2321,8582
2322,8582
2323,8582
2324,8378
2325,8092
2326,8539
2327,8281
2328,8423
2329,8539
2330,8582
2331,8544
2332,8582
2333,8582
2334,8467
2335,8582
2336,8582
2337,8582
2338,8582
2339,8582
2340,8582
2341,8582
2342,8558
2343,8252
2344,8582
2345,8582
2346,8456
2347,8458
2348,8440
2349,8582
2350,8582
2351,8582
2352,8582
2353,8582
2354,8582
2355,8582
2356,8457
2357,8582
2358,8582
2359,8249
2360,8493
2361,8578
2362,8180
2363,8582
2364,8582
2365,8582
2366,8423
2367,8582
2368,8293
2369,8582
2370,8582
2371,8582
2372,8582
2373,8582
2374,8582
2375,8537
2376,8578
2377,8582
2378,8489
2379,8582
2380,8229
2381,8522
2382,8582
2383,8582
2384,8582
2385,8582
2386,8582
2387,8582
2388,8582
2389,8582
2390,8582
2391,8582
2392,8582
2393,8335
2394,8582
2395,8582
2396,8429
2397,8582
2398,8582
2399,8299
2400,8582
2401,8582
2402,8232
2403,8582
2404,8564
2405,8582
2406,8447
2407,8582
2408,8582
2409,8582
2410,8582
2411,8295
2412,8582
2413,8582
2414,8582
2415,8574
2416,8577
2417,8119
2418,8466
2419,8243
2420,8397
2421,8582
2422,8202
2423,8582
2424,8582
2425,8582
2426,8582
2427,8582
2428,8582
2429,8514
2430,8109
2431,8582
2432,8582
2433,8582
2434,8582
2435,8560
2436,8469
2437,8582
2438,8036
2439,8193
2440,8270
2441,8242
2442,8582
2443,8407
2444,8582
2445,8582
2446,8582
2447,8582
2448,8582
2449,8028
2450,8582
2451,8582
2452,8582
2453,8509
2454,8140
2455,8582
2456,8582
2457,8319
2458,8582
2459,8310
2460,8582
2461,8377
2462,8582
2463,8582
2464,8156
2465,8224
2466,8582
2467,8470
2468,8582
2469,8582
2470,8582
2471,8538
2472,8582
2473,8582
2474,8582
2475,8430
2476,8424
2477,8582
2478,8568
2479,8582
2480,8582
2481,8582
2482,8582
2483,8582
2484,8470
2485,8582
2486,8582
2487,8516
2488,8582
2489,8510
2490,8582
2491,8582
2492,8451
2493,8582
2494,8582
2495,8573
2496,8431
2497,8582
2498,8582
2499,8582
2500,8342
2501,8582
2502,8177
2503,8582
2504,8582
2505,8113
2506,8582
2507,8234
2508,8413
2509,8577
2510,8582
2511,8582
2512,8274
2513,8351
2514,8509
2515,8582
2516,8478
2517,8378
2518,8582
2519,8582
2520,8582
2521,8582
2522,8582
2523,8582
2524,8582
2525,8582
2526,8582
2527,8582
2528,8582
2529,8343
2530,8582
2531,8472
2532,8287
2533,8510
2534,8582
2535,8582
2536,8582
2537,8520
2538,8582
2539,8582
2540,8582
2541,8582
2542,8570
2543,8539
2544,8582
2545,8263
2546,8582
2547,8582
2548,7973
2549,8129
2550,8432
2551,8582
2552,8582
2553,8582
2554,8582
2555,8124
2556,8582
2557,8320
2558,8582
2559,8582
2560,8143
2561,8503
2562,8582
2563,8582
2564,8582
2565,8582
2566,8553
2567,8582
2568,8582
2569,8567
2570,8582
2571,8527
2572,8195
2573,8582
2574,8582
2575,8582
2576,8582
2577,8582
2578,8373
2579,8582
2580,8582
2581,8570
2582,8582
2583,8536
2584,8410
2585,8582
2586,8582
2587,8582
2588,8321
2589,8582
2590,8582
2591,8582
2592,8582
2593,8199
2594,8582
2595,8582
2596,8022
2597,8582
2598,8334
2599,8582
2600,8302
2601,8582
2602,8582
2603,8491
2604,8582
2605,8556
2606,8582
2607,8582
2608,8436
2609,8582
2610,8582
2611,8582
2612,8449
2613,8582
2614,8582
2615,8582
2616,8582
2617,8582
2618,8504
2619,8582
2620,8232
2621,8359
2622,8445
2623,8148
2624,8574
2625,8582
2626,8582
2627,8446
2628,8582
2629,8523
2630,8582
2631,8582
2632,8411
2633,8582
2634,8582
2635,8582
2636,8540
2637,8582
2638,8316
2639,8240
2640,8462
2641,8582
2642,8526
2643,8489
2644,8398
2645,8542
2646,8582
2647,8582
2648,8315
2649,8235
2650,8582
2651,8582
2652,8582
2653,8582
2654,8372
2655,8467
2656,8582
2657,8188
2658,8454
2659,8582
2660,8582
2661,8576
2662,8582
2663,8582
2664,8582
2665,8578
2666,8582
2667,8428
2668,8582
2669,8384
2670,8582
2671,8582
2672,8582
2673,8582
2674,8582
2675,8554
2676,8582
2677,8582
2678,8380
2679,8582
2680,8582
2681,8525
2682,8582
2683,8505
2684,8582
2685,8582
2686,8428
2687,8091
2688,8236
2689,8582
2690,8582
2691,8582
2692,8582
2693,8582
2694,8440
2695,8582
2696,8582
2697,8582
2698,8582
2699,8464
2700,8582
2701,8582
2702,8582
2703,8582
2704,8582
2705,8379
2706,8432
2707,7985
2708,8582
2709,8549
2710,8483
2711,8582
2712,8582
2713,8582
2714,8477
2715,8518
2716,8582
2717,8582
2718,8582
2719,8582
2720,8483
2721,8582
2722,8453
2723,8578
2724,8437
2725,8582
2726,8582
2727,8582
2728,8582
2729,8582
2730,8582
2731,8582
2732,8491
2733,8582
2734,8582
2735,8582
2736,8582
2737,8321
2738,8582
2739,8582
2740,8582
2741,8582
2742,8362
2743,8549
2744,8582
2745,8582
2746,8582
2747,8569
2748,8582
2749,8245
2750,8582
2751,8582
2752,8582
2753,8569
2754,8553
2755,8582
2756,8280
2757,8582
2758,8332
2759,8582
2760,8582
2761,8582
2762,8582
2763,8532
2764,8504
2765,8404
2766,8558
2767,8582
2768,8582
2769,8206
2770,8364
2771,8582
2772,8582
2773,8582
2774,8553
2775,8582
2776,8582
2777,8582
2778,8476
2779,8582
2780,8510
2781,8474
2782,8582
2783,8582
2784,8306
2785,8582
2786,8582
2787,8582
2788,8582
2789,8582
2790,8504
2791,8582
2792,7778
2793,8311
2794,8582
2795,8582
2796,8582
2797,8582
2798,8512
2799,8301
2800,8582
2801,8054
2802,8565
2803,8582
2804,8575
2805,8582
2806,8582
2807,8558
2808,8457
2809,8582
2810,8582
2811,8582
2812,8483
2813,8479
2814,8582
2815,8582
2816,8582
2817,8582
2818,8582
2819,8540
2820,8462
2821,8277
2822,8582
2823,8531
2824,8582
2825,8582
2826,8582
2827,8449
2828,8582
2829,8582
2830,8582
2831,8567
2832,8577
2833,8111
2834,8578
2835,8528
2836,8582
2837,8582
2838,8470
2839,8582
2840,8582
2841,8582
2842,8292
2843,8453
2844,8414
2845,8362
2846,8582
2847,8582
2848,8582
2849,8507
2850,8582
2851,8582
2852,8247
2853,8582
2854,8582
2855,8582
2856,8582
2857,8457
2858,8582
2859,8582
2860,8582
2861,8582
2862,8582
2863,8582
2864,8361
2865,8383
2866,8582
2867,8557
2868,8367
2869,7984
2870,8582
2871,8249
2872,8582
2873,8582
2874,8469
2875,8508
2876,8239
2877,8582
2878,8582
2879,8582
2880,8582
2881,8582
2882,8582
2883,8582
2884,8582
2885,8582
2886,8582
2887,8582
2888,8291
2889,8582
2890,8550
2891,8235
2892,8582
2893,8445
2894,8254
2895,8582
2896,8582
2897,8582
2898,8582
2899,8582
2900,8531
2901,8347
2902,8381
2903,8582
2904,8560
2905,8565
2906,8582
2907,8522
2908,8193
2909,8473
2910,8509
2911,8487
2912,8582
2913,8582
2914,8582
2915,8581
2916,8464
2917,8582
2918,8434
2919,8582
2920,8582
2921,8381
2922,8335
2923,8316
2924,8582
2925,8582
2926,8582
2927,8582
2928,8350
2929,8582
2930,8582
2931,8582
2932,8582
2933,8582
2934,8258
2935,8582
2936,8559
2937,8582
2938,8459
2939,8312
2940,8413
2941,8468
2942,8378
2943,8245
2944,8573
2945,7911
2946,8582
2947,8582
2948,8421
2949,8582
2950,8582
2951,8582
2952,8318
2953,8582
2954,8582
2955,8393
2956,8303
2957,8582
2958,8501
2959,8416
2960,8582
2961,8372
2962,8427
2963,8063
2964,8582
2965,8582
2966,8582
2967,8582
2968,8582
2969,8582
2970,8474
2971,8459
2972,8283
2973,8582
2974,8572
2975,8582
2976,8487
2977,8582
2978,8342
2979,8582
2980,8582
2981,8577
2982,8524
2983,8582
2984,8475
2985,8582
2986,8582
2987,8307
2988,8582
2989,8582
2990,8376
2991,8547
2992,8582
2993,8582
2994,8582
2995,8337
2996,8539
2997,8582
2998,8582
2999,8356
3000,8582
3001,8355
3002,8582
3003,8582
3004,8578
3005,8582
3006,8582
3007,8582
3008,8582
3009,8582
3010,8541
3011,8207
3012,8535
3013,8269
3014,8582
3015,8582
3016,8582
3017,8582
3018,8582
3019,8582
3020,8403
3021,8464
3022,8478
3023,8582
3024,8582
3025,8128
3026,8495
3027,8582
3028,8582
3029,8582
3030,8582
3031,8180
3032,8502
3033,8332
3034,8532
3035,8517
3036,8582
3037,8582
3038,8582
3039,8441
3040,8582
3041,8582
3042,8582
3043,8582
3044,8129
3045,8582
3046,8485
3047,8582
3048,8582
3049,8322
3050,8582
3051,8566
3052,8406
3053,8582
3054,8582
3055,8582
3056,8582
3057,8483
3058,8582
3059,8582
3060,8435
3061,8453
3062,8582
3063,8582
3064,8296
3065,8582
3066,8421
3067,8582
3068,8082
3069,8433
3070,8416
3071,8121
3072,8582
3073,8582
3074,8156
3075,8462
3076,8409
3077,8582
3078,8582
3079,8582
3080,8230
3081,8134
3082,8582
3083,8421
3084,8582
3085,8582
3086,8074
3087,8582
3088,8582
3089,8582
3090,8582
3091,8582
3092,8582
3093,8582
3094,8582
3095,7872
3096,8582
3097,8582
3098,8582
3099,8494
3100,8582
3101,8582
3102,8582
3103,8582
3104,8582
3105,8555
3106,8582
3107,8527
3108,8582
3109,8551
3110,8558
3111,8462
3112,8582
3113,8582
3114,8343
3115,8415
3116,8582
3117,8544
3118,8582
3119,8503
3120,8582
3121,8582
3122,8565
3123,8582
3124,8582
3125,8401
3126,8283
3127,8582
3128,8582
3129,8582
3130,8080
3131,8366
3132,8582
3133,8582
3134,8582
3135,8582
3136,8490
3137,8217
3138,8582
3139,8582
3140,8273
3141,8582
3142,8228
3143,8483
3144,8582
3145,7998
3146,8582
3147,8260
3148,8582
3149,8582
3150,8413
3151,8582
3152,8347
3153,8374
3154,8582
3155,8582
3156,8486
3157,8582
3158,8582
3159,8582
3160,8582
3161,8582
3162,8582
3163,8582
3164,8582
3165,8455
3166,8582
3167,8235
3168,8582
3169,8484
3170,8582
3171,8469
3172,8582
3173,8519
3174,8582
3175,8582
3176,8543
3177,8582
3178,8448
3179,8387
3180,8582
3181,8582
3182,8582
3183,8582
3184,8582
3185,8582
3186,8582
3187,8374
3188,8474
3189,8582
3190,8321
3191,8582
3192,8582
3193,8499
3194,8399
3195,8582
3196,8582
3197,8157
3198,8244
3199,8582
3200,8582
3201,8340
3202,8582
3203,8582
3204,7846
3205,8582
3206,8582
3207,8566
3208,8570
3209,8419
3210,8217
3211,8582
3212,8582
3213,8582
3214,8582
3215,8582
3216,8498
3217,8582
3218,8582
3219,8582
3220,8395
3221,8582
3222,8582
3223,8390
3224,8582
3225,8349
3226,8582
3227,8582
3228,8582
3229,8582
3230,8051
3231,8582
3232,8582
3233,8541
3234,8582
3235,8582
3236,8582
3237,8582
3238,8582
3239,8582
3240,8582
3241,8582
3242,8472
3243,8582
3244,8582
3245,8205
3246,8358
3247,8582
3248,8459
3249,8536
3250,8582
3251,8582
3252,8524
3253,8582
3254,8419
3255,8582
3256,8582
3257,8582
3258,8582
3259,8431
3260,8582
3261,8582
3262,8582
3263,8582
3264,8464
3265,8582
3266,8582
3267,8582
3268,8582
3269,8582
3270,8524
3271,8411
3272,8315
3273,8582
3274,8582
3275,8366
3276,8582
3277,8582
3278,8345
3279,8133
3280,8513
3281,8582
3282,8235
3283,8582
3284,8467
3285,8582
3286,8582
3287,8436
3288,8558
3289,8577
3290,8545
3291,8582
3292,8582
3293,8513
3294,8582
3295,8582
3296,8407
3297,8389
3298,8582
3299,8394
3300,8516
3301,8582
3302,8580
3303,8476
3304,8351
3305,8582
3306,8582
3307,8169
3308,8582
3309,8159
3310,8582
3311,8582
3312,8582
3313,8582
3314,8460
3315,8442
3316,8582
3317,8582
3318,8469
3319,8582
3320,8582
3321,8582
3322,8404
3323,8582
3324,8582
3325,8582
3326,8582
3327,8582
3328,8582
3329,8330
3330,8582
3331,8582
3332,8557
3333,8036
3334,8552
3335,8426
3336,8288
3337,8582
3338,8484
3339,8444
3340,8582
3341,8582
3342,8582
3343,8582
3344,8582
3345,8582
3346,8505
3347,8582
3348,8582
3349,8582
3350,8582
3351,8582
3352,8582
3353,8582
3354,8582
3355,8582
3356,8490
3357,7930
3358,8582
3359,8399
3360,8582
3361,8456
3362,8418
3363,8301
3364,8546
3365,8337
3366,8582
3367,8582
3368,8467
3369,8582
3370,8582
3371,8236
3372,8344
3373,8582
3374,8582
3375,8406
3376,8378
3377,8582
3378,8582
3379,8582
3380,8582
3381,8582
3382,8579
3383,8582
3384,8582
3385,8582
3386,8582
3387,8533
3388,8265
3389,8582
3390,8582
3391,8543
3392,8299
3393,8582
3394,8582
3395,8582
3396,8582
3397,8312
3398,8582
3399,8302
3400,8566
3401,8301
3402,8582
3403,8582
3404,8582
3405,8582
3406,8582
3407,8582
3408,8404
3409,8491
3410,8582
3411,8582
3412,8582
3413,8582
3414,8582
3415,8582
3416,8582
3417,7940
3418,8582
3419,8582
3420,8582
3421,8582
3422,8048
3423,8582
3424,8582
3425,8299
3426,8374
3427,8582
3428,8582
3429,8582
3430,8582
3431,8582
3432,8582
3433,8582
3434,8540
3435,8487
3436,8582
3437,8582
3438,8582
3439,8582
3440,8582
3441,8582
3442,8068
3443,8582
3444,8582
3445,8436
3446,8308
3447,8408
3448,8522
3449,8536
3450,8582
3451,8582
3452,8522
3453,8582
3454,8118
3455,8582
3456,8582
3457,8466
3458,8582
3459,8401
3460,8582
3461,8582
3462,8582
3463,8582
3464,8582
3465,8086
3466,8540
3467,8582
3468,8582
3469,8409
3470,8582
3471,8431
3472,8582
3473,8582
3474,8582
3475,8582
3476,8541
3477,8582
3478,8582
3479,8567
3480,8582
3481,8354
3482,8582
3483,8438
3484,8493
3485,8582
3486,8582
3487,8441
3488,8582
3489,8582
3490,8385
3491,8582
3492,8582
3493,8548
3494,8582
3495,8582
3496,8582
3497,8525
3498,8582
3499,8582
3500,8582
3501,8582
3502,8370
3503,8429
3504,8582
3505,8582
3506,8168
3507,8395
3508,8582
3509,8582
3510,8582
3511,8229
3512,8582
3513,8582
3514,8582
3515,8531
3516,8367
3517,8564
3518,8267
3519,8331
3520,8582
3521,8582
3522,8582
3523,8582
3524,8544
3525,8341
3526,8576
3527,8582
3528,8418
3529,8463
3530,7996
3531,8582
3532,8582
3533,8307
3534,8582
3535,8582
3536,8582
3537,8582
3538,8582
3539,8462
3540,8521
3541,8547
3542,8417
3543,8582
3544,8582
3545,8568
3546,8582
3547,8582
3548,8578
3549,8582
3550,8582
3551,8582
3552,8582
3553,8582
3554,8582
3555,8515
3556,8582
3557,8290
3558,8582
3559,8355
3560,8582
3561,8582
3562,8582
3563,8330
3564,8486
3565,8331
3566,8582
3567,8405
3568,8536
3569,8268
3570,8582
3571,8582
3572,8582
3573,8553
3574,8437
3575,8582
3576,8582
3577,8582
3578,8382
3579,8558
3580,8582
3581,8357
3582,8004
3583,8582
3584,8573
3585,8582
3586,8582
3587,8582
3588,8582
3589,8582
3590,8582
3591,8481
3592,8582
3593,8582
3594,8582
3595,8582
3596,8582
3597,8557
3598,8582
3599,8582
3600,8582
3601,8582
3602,8549
3603,8582
3604,8582
3605,8356
3606,8582
3607,8085
3608,8582
3609,8582
3610,8582
3611,8387
3612,8582
3613,8582
3614,8582
3615,8582
3616,8507
3617,8582
3618,8151
3619,8486
3620,8582
3621,8582
3622,8582
3623,8582
3624,8582
3625,8582
3626,8582
3627,8582
3628,8386
3629,8522
3630,8582
3631,8404
3632,8582
3633,8582
3634,8582
3635,8582
3636,8553
3637,8582
3638,8582
3639,8582
3640,8582
3641,8582
3642,8582
3643,8582
3644,8582
3645,8414
3646,8582
3647,8582
3648,8463
3649,8468
3650,8582
3651,8516
3652,8543
3653,8582
3654,8582
3655,8459
3656,8397
3657,8582
3658,8582
3659,8582
3660,8582
3661,8582
3662,8581
3663,8517
3664,8309
3665,8582
3666,8582
3667,7922
3668,8582
3669,8582
3670,8582
3671,8582
3672,8582
3673,8582
3674,8582
3675,8582
3676,8302
3677,8516
3678,8464
3679,8582
3680,8485
3681,8582
3682,8582
3683,8582
3684,8582
3685,8582
3686,8582
3687,8582
3688,8231
3689,8582
3690,8308
3691,8582
3692,8582
3693,8427
3694,8582
3695,8582
3696,8362
3697,8445
3698,8348
3699,8582
3700,8582
3701,8582
3702,8582
3703,8582
3704,8582
3705,8570
3706,8514
3707,8582
3708,8516
3709,8582
3710,8582
3711,8457
3712,8582
3713,8379
3714,8413
3715,8343
3716,8582
3717,7944
3718,8579
3719,8582
3720,8582
3721,8582
3722,8582
3723,8582
3724,8582
3725,8475
3726,8582
3727,8570
3728,8581
3729,8574
3730,8578
3731,8582
3732,8514
3733,8582
3734,8582
3735,8494
3736,8582
3737,8462
3738,8519
3739,8582
3740,8492
3741,8424
3742,8582
3743,8582
3744,8312
3745,8568
3746,8393
3747,8425
3748,8385
3749,8582
3750,8582
3751,8582
3752,8582
3753,8441
3754,8582
3755,8582
3756,8582
3757,8271
3758,8385
3759,8522
3760,8582
3761,8582
3762,8550
3763,8582
3764,8582
3765,8582
3766,8318
3767,8388
3768,8582
3769,8513
3770,8492
3771,8556
3772,8582
3773,8492
3774,8582
3775,8582
3776,8582
3777,8582
3778,8582
3779,8582
3780,8582
3781,8511
3782,8498
3783,8230
3784,8582
3785,8454
3786,8582
3787,8120
3788,8582
3789,8269
3790,8185
3791,8582
3792,8582
3793,8582
3794,8582
3795,8582
3796,8582
3797,8514
3798,8582
3799,8479
3800,8582
3801,8582
3802,8582
3803,8524
3804,8271
3805,8582
3806,8582
3807,8493
3808,8582
3809,8579
3810,8582
3811,8582
3812,8582
3813,8423
3814,8582
3815,8582
3816,8582
3817,8582
3818,8582
3819,8582
3820,8582
3821,8582
3822,8394
3823,8477
3824,8582
3825,8518
3826,8424
3827,8582
3828,8582
3829,8123
3830,8447
3831,8297
3832,7903
3833,8582
3834,7987
3835,8582
3836,8499
3837,8582
3838,8582
3839,8582
3840,8235
3841,8582
3842,8582
3843,8535
3844,8255
3845,8279
3846,8582
3847,8582
3848,8507
3849,8164
3850,8453
3851,8582
3852,8530
3853,8582
3854,8363
3855,7962
3856,8445
3857,8582
3858,8431
3859,8582
3860,8502
3861,8249
3862,8471
3863,8582
3864,8582
3865,8521
3866,8408
3867,8582
3868,8582
3869,8293
3870,8399
3871,8429
3872,8582
3873,8582
3874,8582
3875,8582
3876,8582
3877,8582
3878,8491
3879,8382
3880,8582
3881,8582
3882,8582
3883,8582
3884,8582
3885,8582
3886,8339
3887,8582
3888,8572
3889,8570
3890,8350
3891,8582
3892,8520
3893,8578
3894,8582
3895,8582
3896,8436
3897,8544
3898,8577
3899,8582
3900,8582
3901,8582
3902,8171
3903,8582
3904,8582
3905,8582
3906,8582
3907,8582
3908,8582
3909,8582
3910,8582
3911,8582
3912,8582
3913,8582
3914,8582
3915,8582
3916,7987
3917,8582
3918,8582
3919,8582
3920,8582
3921,8377
3922,8573
3923,8582
3924,8477
3925,8582
3926,8478
3927,8582
3928,8467
3929,8582
3930,8582
3931,8582
3932,8582
3933,8286
3934,8582
3935,8582
3936,8157
3937,8396
3938,8431
3939,8582
3940,8531
3941,8533
3942,8557
3943,8582
3944,8582
3945,8494
3946,8296
3947,8582
3948,8513
3949,8454
3950,8383
3951,8421
3952,8582
3953,8582
3954,8582
3955,8582
3956,8582
3957,8418
3958,8582
3959,8359
3960,8409
3961,8294
3962,8582
3963,8582
3964,8582
3965,8582
3966,8582
3967,8339
3968,8544
3969,8450
3970,8143
3971,8582
3972,8582
3973,8313
3974,8582
3975,8582
3976,8582
3977,8582
3978,8400
3979,8582
3980,8383
3981,8582
3982,8582
3983,8582
3984,8180
3985,8482
3986,8582
3987,8470
3988,8480
3989,8582
3990,8391
3991,8582
3992,8582
3993,8582
3994,8393
3995,8567
3996,8212
3997,8582
3998,8231
3999,8582
4000,8582
4001,8582
4002,8582
4003,8582
4004,8221
4005,8582
4006,8365
4007,8582
4008,8582
4009,8582
4010,8582
4011,8582
4012,8582
4013,8582
4014,8122
4015,8428
4016,8582
4017,8582
4018,8554
4019,8582
4020,8512
4021,8233
4022,8582
4023,8287
4024,8582
4025,8293
4026,8582
4027,8582
4028,8463
4029,8582
4030,8582
4031,8582
4032,8582
4033,8582
4034,8582
4035,8073
4036,8582
4037,8582
4038,8582
4039,8466
4040,8582
4041,8582
4042,8438
4043,8582
4044,8553
4045,8582
4046,8582
4047,8413
4048,8582
4049,8582
4050,8582
4051,8582
4052,8405
4053,8279
4054,8582
4055,8086
4056,8520
4057,8345
4058,8582
4059,8329
4060,8582
4061,8582
4062,8248
4063,8419
4064,8431
4065,8582
4066,8582
4067,8582
4068,8563
4069,8582
4070,8582
4071,8467
4072,8582
4073,8582
4074,8582
4075,8582
4076,8582
4077,8582
4078,8582
4079,8582
4080,8582
4081,8582
4082,8373
4083,8582
4084,8304
4085,8582
4086,8150
4087,8582
4088,8582
4089,8582
4090,8582
4091,8582
4092,8582
4093,8582
4094,8470
4095,8417
4096,8582
4097,8582
4098,8582
4099,8487
4100,8484
4101,8546
4102,8582
4103,8401
4104,8321
4105,8582
4106,8340
4107,8582
4108,8582
4109,8582
4110,8582
4111,8241
4112,8582
4113,8582
4114,8582
4115,8582
4116,8582
4117,8455
4118,8582
4119,8582
4120,8397
4121,8582
4122,8482
4123,8582
4124,8474
4125,8125
4126,8582
4127,8047
4128,8264
4129,8335
4130,8582
4131,8582
4132,8582
4133,8068
4134,8582
4135,8545
4136,8372
4137,8569
4138,8582
4139,8582
4140,8582
4141,8582
4142,8582
4143,8582
4144,8582
4145,8582
4146,8487
4147,8582
4148,8582
4149,8454
4150,8582
4151,8578
4152,8311
4153,8582
4154,8582
4155,8582
4156,8582
4157,8582
4158,8582
4159,8566
4160,8582
4161,8459
4162,8179
4163,8203
4164,8403
4165,8582
4166,8578
4167,8441
4168,8582
4169,8582
4170,8417
4171,8582
4172,8582
4173,8582
4174,8582
4175,8582
4176,8521
4177,8582
4178,8357
4179,8582
4180,8582
4181,8489
4182,8582
4183,8255
4184,8065
4185,8582
4186,8582
4187,8489
4188,8503
4189,8573
4190,8582
4191,8374
4192,8527
4193,8582
4194,8479
4195,8582
4196,8485
4197,8582
4198,8582
4199,8185
4200,8582
4201,8410
4202,8582
4203,8582
4204,8304
4205,8476
4206,8582
4207,8445
4208,8582
4209,8438
4210,8582
4211,8582
4212,8582
4213,8555
4214,8582
4215,8289
4216,8582
4217,8215
4218,8578
4219,8324
4220,8582
4221,8449
4222,8245
4223,8423
4224,8582
4225,8582
4226,8582
4227,8554
4228,8470
4229,8457
4230,8321
4231,8582
4232,8537
4233,8582
4234,8582
4235,8582
4236,8066
4237,8582
4238,8582
4239,8447
4240,8582
4241,8200
4242,8582
4243,8224
4244,8582
4245,8582
4246,8582
4247,8582
4248,8582
4249,8582
4250,8582
4251,8513
4252,8582
4253,8582
4254,8582
4255,8470
4256,8582
4257,8582
4258,8582
4259,8582
4260,8194
4261,8582
4262,8582
4263,8500
4264,8578
4265,8582
4266,8582
4267,8582
4268,8507
4269,8582
4270,8488
4271,8582
4272,8582
4273,8582
4274,8364
4275,8294
4276,8582
4277,8582
4278,8582
4279,8582
4280,8553
4281,8582
4282,8582
4283,8582
4284,8482
4285,8131
4286,8423
4287,8506
4288,8582
4289,8582
4290,8582
4291,8582
4292,8582
4293,8582
4294,8324
4295,8582
4296,8582
4297,8582
4298,8582
4299,8325
4300,8582
4301,8582
4302,8571
4303,8582
4304,8582
4305,8582
4306,8582
4307,8516
4308,8582
4309,8228
4310,8582
4311,8582
4312,8489
4313,8582
4314,8254
4315,8337
4316,8582
4317,8582
4318,8582
4319,8582
4320,8292
4321,8547
4322,8582
4323,8582
4324,8582
4325,8582
4326,8205
4327,8582
4328,8582
4329,8582
4330,8582
4331,8582
4332,8582
4333,8582
4334,8582
4335,8435
4336,8582
4337,7982
4338,8582
4339,8582
4340,8582
4341,8582
4342,8414
4343,8582
4344,8582
4345,8457
4346,8582
4347,8582
4348,8353
4349,8582
4350,8317
4351,8481
4352,8582
4353,8365
4354,8465
4355,8489
4356,8441
4357,8582
4358,8582
4359,8582
4360,8341
4361,8582
4362,8582
4363,8582
4364,8582
4365,8543
4366,8582
4367,8419
4368,8582
4369,8305
4370,8582
4371,8582
4372,8582
4373,8582
4374,8396
4375,8582
4376,8582
4377,8457
4378,8582
4379,8582
4380,8582
4381,8582
4382,8582
4383,8582
4384,8582
4385,8582
4386,8391
4387,8582
4388,8582
4389,8582
4390,8165
4391,8582
4392,8582
4393,8582
4394,8582
4395,8236
4396,8554
4397,8582
4398,8582
4399,8582
4400,8284
4401,8563
4402,8582
4403,8582
4404,8455
4405,8582
4406,8582
4407,8582
4408,8582
4409,8582
4410,8582
4411,8582
4412,8582
4413,8579
4414,8582
4415,8472
4416,8489
4417,8582
4418,8582
4419,8582
4420,8582
4421,8582
4422,8372
4423,8582
4424,8582
4425,8453
4426,8321
4427,8582
4428,8582
4429,8582
4430,8174
4431,8582
4432,8582
4433,8266
4434,8573
4435,8582
4436,8485
4437,8582
4438,8314
4439,8582
4440,8189
4441,8088
4442,8502
4443,8242
4444,8358
4445,8498
4446,8524
4447,8330
4448,8582
4449,8247
4450,8582
4451,8582
4452,8530
4453,8582
4454,8582
4455,8284
4456,8582
4457,8429
4458,8582
4459,8582
4460,8177
4461,8530
4462,8582
4463,8582
4464,8144
4465,8582
4466,8582
4467,8582
4468,8582
4469,8486
4470,8274
4471,8322
4472,8582
4473,8252
4474,8529
4475,8525
4476,8582
4477,8582
4478,8582
4479,8366
4480,8582
4481,8582
4482,8013
4483,8582
4484,8582
4485,8524
4486,8383
4487,8582
4488,8569
4489,8582
4490,8016
4491,8582
4492,8582
4493,8582
4494,8582
4495,8582
4496,8555
4497,8582
4498,8582
4499,8582
4500,8330
4501,8582
4502,8512
4503,8582
4504,8582
4505,8582
4506,8582
4507,8555
4508,8582
4509,8582
4510,8475
4511,8498
4512,8582
4513,8582
4514,8582
4515,8576
4516,8582
4517,8582
4518,8582
4519,8388
4520,8582
4521,8213
4522,8370
4523,8582
4524,8582
4525,8172
4526,8556
4527,8582
4528,8200
4529,8341
4530,8582
4531,8582
4532,8582
4533,8582
4534,8582
4535,8582
4536,8019
4537,8582
4538,8582
4539,8582
4540,8582
4541,8305
4542,8570
4543,8582
4544,8378
4545,8582
4546,8305
4547,8456
4548,8521
4549,8582
4550,8582
4551,8582
4552,8582
4553,8407
4554,8552
4555,8109
4556,8542
4557,8582
4558,8582
4559,8582
4560,8513
4561,8582
4562,8582
4563,8495
4564,8506
4565,8582
4566,8582
4567,8582
4568,8492
4569,8582
4570,8327
4571,8582
4572,8468
4573,8582
4574,8371
4575,8582
4576,8344
4577,8582
4578,8135
4579,8098
4580,8582
4581,8187
4582,8582
4583,8582
4584,8582
4585,8536
4586,8582
4587,8582
4588,8522
4589,8582
4590,8582
4591,8582
4592,8582
4593,8582
4594,8582
4595,8467
4596,8582
4597,8210
4598,8582
4599,8582
4600,8582
4601,8582
4602,8582
4603,8582
4604,8190
4605,8582
4606,8031
4607,8274
4608,8582
4609,8582
4610,8582
4611,8389
4612,8582
4613,8238
4614,8147
4615,8582
4616,8328
4617,8582
4618,8548
4619,8582
4620,8582
4621,8582
4622,8528
4623,8582
4624,8582
4625,8528
4626,8497
4627,8582
4628,8483
4629,8582
4630,8582
4631,8582
4632,8318
4633,8391
4634,8582
4635,8582
4636,8582
4637,8582
4638,8582
4639,8582
4640,8395
4641,8582
4642,8582
4643,8576
4644,8445
4645,8582
4646,8582
4647,8498
4648,8582
4649,8582
4650,8582
4651,8571
4652,8582
4653,8582
4654,8301
4655,8219
4656,8527
4657,8229
4658,8484
4659,8582
4660,8333
4661,8582
4662,8582
4663,8582
4664,8582
4665,8582
4666,8396
4667,8582
4668,8582
4669,8381
4670,8582
4671,8582
4672,8582
4673,8582
4674,8375
4675,8582
4676,8347
4677,8511
4678,8582
4679,8582
4680,8582
4681,8582
4682,8582
4683,8570
4684,8158
4685,8475
4686,8582
4687,8582
4688,8582
4689,8474
4690,8582
4691,8404
4692,8582
4693,8582
4694,8318
4695,8582
4696,8505
4697,8162
4698,8582
4699,8582
4700,8582
4701,8412
4702,8582
4703,8582
4704,8582
4705,8392
4706,8582
4707,8582
4708,8327
4709,8389
4710,8582
4711,8582
4712,8442
4713,8541
4714,8582
4715,8582
4716,8375
4717,8582
4718,8442
4719,8582
4720,8570
4721,8582
4722,8582
4723,8495
4724,8582
4725,8582
4726,8582
4727,8582
4728,8582
4729,8582
4730,8526
4731,8582
4732,8546
4733,8582
4734,8460
4735,8582
4736,8260
4737,8582
4738,8582
4739,8582
4740,8582
4741,8417
4742,8582
4743,8526
4744,8582
4745,8041
4746,8360
4747,8582
4748,8582
4749,8582
4750,8582
4751,8331
4752,8582
4753,8299
4754,8582
4755,8582
4756,8582
4757,8582
4758,8582
4759,8582
4760,8582
4761,8582
4762,8582
4763,8582
4764,8582
4765,8582
4766,8582
4767,8582
4768,8582
4769,8512
4770,8396
4771,8582
4772,8582
4773,8582
4774,8582
4775,8546
4776,8286
4777,8582
4778,8582
4779,8582
4780,8582
4781,8480
4782,8531
4783,8290
4784,8582
4785,8582
4786,8582
4787,8582
4788,8582
4789,8582
4790,8545
4791,8582
4792,8582
4793,8582
4794,8461
4795,8560
4796,8177
4797,8561
4798,8582
4799,8582
4800,8093
4801,8438
4802,8324
4803,8582
4804,8582
4805,8582
4806,8582
4807,8582
4808,8582
4809,8582
4810,8065
4811,8582
4812,8582
4813,8582
4814,8582
4815,8582
4816,8487
4817,8469
4818,8453
4819,8582
4820,8582
4821,8582
4822,8440
4823,8582
4824,8582
4825,8582
4826,8582
4827,8345
4828,8492
4829,8473
4830,8442
4831,8582
4832,8359
4833,8582
4834,8582
4835,8582
4836,8582
4837,8318
4838,8489
4839,8582
4840,8582
4841,8582
4842,8582
4843,8582
4844,8582
4845,8582
4846,8582
4847,8582
4848,8538
4849,8582
4850,8582
4851,8582
4852,8582
4853,8408
4854,8582
4855,8582
4856,8260
4857,8582
4858,8517
4859,8582
4860,8582
4861,8582
4862,8582
4863,8411
4864,8582
4865,8253
4866,8582
4867,8582
4868,8578
4869,8582
4870,8582
4871,8577
4872,8582
4873,8582
4874,8582
4875,8582
4876,8478
4877,8454
4878,8582
4879,8561
4880,8582
4881,8582
4882,8582
4883,8582
4884,8582
4885,8315
4886,8582
4887,8582
4888,8582
4889,8582
4890,8582
4891,8582
4892,8582
4893,8582
4894,8582
4895,8579
4896,8582
4897,8582
4898,8582
4899,8582
4900,8417
4901,8400
4902,8582
4903,8540
4904,8582
4905,8582
4906,8582
4907,8582
4908,8582
4909,8226
4910,8582
4911,8582
4912,8582
4913,8582
4914,8582
4915,8582
4916,8582
4917,8327
4918,8582
4919,8582
4920,8525
4921,8582
4922,8582
4923,8582
4924,8353
4925,8582
4926,8547
4927,8492
4928,8582
4929,8582
4930,8478
4931,8361
4932,8172
4933,8582
4934,7921
4935,8320
4936,8177
4937,8333
4938,8442
4939,8582
4940,8455
4941,8320
4942,8582
4943,8582
4944,8152
4945,8484
4946,8582
4947,8582
4948,8574
4949,8438
4950,8582
4951,8582
4952,8582
4953,8300
4954,8582
4955,8582
4956,8582
4957,8582
4958,8582
4959,8582
4960,8582
4961,8582
4962,8582
4963,8582
4964,7966
4965,8582
4966,8582
4967,8428
4968,8328
4969,8270
4970,8394
4971,8582
4972,8582
4973,8582
4974,8582
4975,8582
4976,8582
4977,8582
4978,8345
4979,8582
4980,8112
4981,8486
4982,8495
4983,8248
4984,8078
4985,8582
4986,8582
4987,8582
4988,8582
4989,8582
4990,8582
4991,8582
4992,8340
4993,8582
4994,8425
4995,8399
4996,8582
4997,8361
4998,8252
4999,8582
5000,8582
5001,8582
5002,8506
5003,8517
5004,8582
5005,8582
5006,8530
5007,8582
5008,8559
5009,8517
5010,8582
5011,8582
5012,8582
5013,8582
5014,8135
5015,8480
5016,8579
5017,8582
5018,8582
5019,8582
5020,8495
5021,8582
5022,8293
5023,8507
5024,8582
5025,8582
5026,8174
5027,8582
5028,8544
5029,8560
5030,8363
5031,8489
5032,8582
5033,8582
5034,8537
5035,8582
5036,8582
5037,8074
5038,8582
5039,8582
5040,8582
5041,8582
5042,8582
5043,7997
5044,8347
5045,8255
5046,8471
5047,8582
5048,8287
5049,8582
5050,8582
5051,8367
5052,8582
5053,8582
5054,8582
5055,8582
5056,8582
5057,8581
5058,8449
5059,8582
5060,8582
5061,8582
5062,8582
5063,8534
5064,8439
5065,8405
5066,8582
5067,8582
5068,8582
5069,8582
5070,8499
5071,8233
5072,8582
5073,8582
5074,8126
5075,8582
5076,8582
5077,8550
5078,8582
5079,8169
5080,8579
5081,8513
5082,8582
5083,8582
5084,8460
5085,8582
5086,8582
5087,8582
5088,8582
5089,8273
5090,8582
5091,8465
5092,8373
5093,8356
5094,8398
5095,8582
5096,8352
5097,8433
5098,8582
5099,8535
5100,8582
5101,8582
5102,8456
5103,8582
5104,8582
5105,8582
5106,8582
5107,8582
5108,8210
5109,8344
5110,8582
5111,8582
5112,8582
5113,7897
5114,8507
5115,8341
5116,8582
5117,8239
5118,8582
5119,8582
5120,8582
5121,8582
5122,8410
5123,8497
5124,8582
5125,8582
5126,8494
5127,8507
5128,8582
5129,8427
5130,8582
5131,8582
5132,8436
5133,8582
5134,8582
5135,8582
5136,8582
5137,8390
5138,8582
5139,8273
5140,8582
5141,8135
5142,8582
5143,8582
5144,8144
5145,8582
5146,8582
5147,8249
5148,8582
5149,8582
5150,8369
5151,8310
5152,8582
5153,8582
5154,8499
5155,8371
5156,8582
5157,8371
5158,8582
5159,8565
5160,8570
5161,8493
5162,8582
5163,8582
5164,8582
5165,8416
5166,8582
5167,8582
5168,8582
5169,8582
5170,8582
5171,8582
5172,8582
5173,8582
5174,8582
5175,8582
5176,8582
5177,8582
5178,8582
5179,8582
5180,8582
5181,8582
5182,8441
5183,8582
5184,8572
5185,8582
5186,8432
5187,8482
5188,8044
5189,8582
5190,7971
5191,8582
5192,8203
5193,8225
5194,8582
5195,8337
5196,8582
5197,8451
5198,8100
5199,8185
5200,8582
5201,8582
5202,8533
5203,8207
5204,8492
5205,8543
5206,8582
5207,8582
5208,8582
5209,8582
5210,8455
5211,8582
5212,8266
5213,8582
5214,8582
5215,8582
5216,8582
5217,8042
5218,8582
5219,8172
5220,8582
5221,8582
5222,8582
5223,8420
5224,8389
5225,8582
5226,8575
5227,8582
5228,8307
5229,8582
5230,8496
5231,8411
5232,8582
5233,8582
5234,8582
5235,8582
5236,8582
5237,8434
5238,8337
5239,8582
5240,8582
5241,8484
5242,8582
5243,8582
5244,8284
5245,8582
5246,8332
5247,7980
5248,8531
5249,8582
5250,8582
5251,8315
5252,8404
5253,8582
5254,8582
5255,8471
5256,8385
5257,8488
5258,8582
5259,8582
5260,8582
5261,8212
5262,8582
5263,8582
5264,8582
5265,8582
5266,8582
5267,8582
5268,8582
5269,8210
5270,8582
5271,8582
5272,8582
5273,8582
5274,8373
5275,8460
5276,8059
5277,8582
5278,8316
5279,8582
5280,8573
5281,8582
5282,8246
5283,8489
5284,8582
5285,8506
5286,8582
5287,8515
5288,8582
5289,8521
5290,8582
5291,8370
5292,8582
5293,8582
5294,8582
5295,8582
5296,8453
5297,8407
5298,8582
5299,8582
5300,8293
5301,8520
5302,8168
5303,8455
5304,8219
5305,8582
5306,8582
5307,8516
5308,8582
5309,8381
5310,8582
5311,8198
5312,8528
5313,8582
5314,8582
5315,8582
5316,8582
5317,8582
5318,8582
5319,8552
5320,8582
5321,8555
5322,8582
5323,8582
5324,8582
5325,8419
5326,8582
5327,8308
5328,8153
5329,8538
5330,8542
5331,8462
5332,8582
5333,8582
5334,8285
5335,8582
5336,8582
5337,8582
5338,8213
5339,8582
5340,8582
5341,8582
5342,8582
5343,8582
5344,8502
5345,8154
5346,8582
5347,8582
5348,8582
5349,8476
5350,8582
5351,8582
5352,8582
5353,8445
5354,7917
5355,8582
5356,8582
5357,8526
5358,8357
5359,8255
5360,8582
5361,8582
5362,8582
5363,8582
5364,8440
5365,8582
5366,8582
5367,8563
5368,8582
5369,8385
5370,8582
5371,8582
5372,8582
5373,8582
5374,8563
5375,8448
5376,8582
5377,8582
5378,8582
5379,8582
5380,8582
5381,8582
5382,8451
5383,8259
5384,8582
5385,8582
5386,8551
5387,8432
5388,8409
5389,8582
5390,8582
5391,8582
5392,8512
5393,8582
5394,8582
5395,8582
5396,8063
5397,8391
5398,8582
5399,8484
5400,8582
5401,8582
5402,8325
5403,8297
5404,8396
5405,8433
5406,8483
5407,8519
5408,8488
5409,8582
5410,8409
5411,8538
5412,8582
5413,8582
5414,8582
5415,8582
5416,8582
5417,8582
5418,8582
5419,8582
5420,8491
5421,8582
5422,8582
5423,8196
5424,8533
5425,8582
5426,8582
5427,8456
5428,8582
5429,8582
5430,8582
5431,8582
5432,8582
5433,8212
5434,8035
5435,8436
5436,8582
5437,8582
5438,8582
5439,8582
5440,8582
5441,8582
5442,8582
5443,8582
5444,8364
5445,8582
5446,8578
5447,8510
5448,8582
5449,8582
5450,8362
5451,8582
5452,8582
5453,8582
5454,8582
5455,8582
5456,8558
5457,8520
5458,8582
5459,8582
5460,8582
5461,8582
5462,8582
5463,8465
5464,8527
5465,8582
5466,8217
5467,7914
5468,8582
5469,8582
5470,8582
5471,8316
5472,8467
5473,8500
5474,8582
5475,8582
5476,7839
5477,8545
5478,8582
5479,8582
5480,8511
5481,8475
5482,8582
5483,8582
5484,8526
5485,8582
5486,8549
5487,8582
5488,8582
5489,8582
5490,8582
5491,8582
5492,8325
5493,8549
5494,8582
5495,8581
5496,8443
5497,8422
5498,8465
5499,8385
5500,8452
5501,8582
5502,8582
5503,8536
5504,8582
5505,8294
5506,8582
5507,8520
5508,8582
5509,8582
5510,8482
5511,8500
5512,8582
5513,8582
5514,8503
5515,8582
5516,8582
5517,8237
5518,8582
5519,8476
5520,8582
5521,8582
5522,8582
5523,8582
5524,8582
5525,8582
5526,8220
5527,8582
5528,8582
5529,8569
5530,8582
5531,8403
5532,7885
5533,8350
5534,8582
5535,8582
5536,8582
5537,8582
5538,8582
5539,8582
5540,8174
5541,8228
5542,8582
5543,8582
5544,8462
5545,8582
5546,8499
5547,8582
5548,8515
5549,8582
5550,8219
5551,8582
5552,8582
5553,8582
5554,8582
5555,8471
5556,8407
5557,8519
5558,8582
5559,8240
5560,8582
5561,8582
5562,8582
5563,8582
5564,8582
5565,8582
5566,8450
5567,8582
5568,8139
5569,8582
5570,8147
5571,8582
5572,8582
5573,8582
5574,8582
5575,8582
5576,8343
5577,8582
5578,8339
5579,8582
5580,8582
5581,8582
5582,8582
5583,8582
5584,8496
5585,8582
5586,8582
5587,8293
5588,8582
5589,8582
5590,8582
5591,8327
5592,8489
5593,8582
5594,8355
5595,7959
5596,8582
5597,8582
5598,8573
5599,8354
5600,8582
5601,8582
5602,8582
5603,8582
5604,8518
5605,8582
5606,8385
5607,8582
5608,8242
5609,8582
5610,8571
5611,8582
5612,8582
5613,8582
5614,8582
5615,8582
5616,8394
5617,8582
5618,8582
5619,8582
5620,8582
5621,8353
5622,8582
5623,8564
5624,8412
5625,8582
5626,8517
5627,8271
5628,8202
5629,8582
5630,8582
5631,8582
5632,8582
5633,8187
5634,8582
5635,8582
5636,8582
5637,8582
5638,8216
5639,8092
5640,8582
5641,8568
5642,8107
5643,8514
5644,8582
5645,8582
5646,8486
5647,8442
5648,8582
5649,8582
5650,8582
5651,8582
5652,8510
5653,8582
5654,8451
5655,8582
5656,8582
5657,8582
5658,8504
5659,8582
5660,8582
5661,8582
5662,8582
5663,8461
5664,8582
5665,8402
5666,8582
5667,8582
5668,8237
5669,8192
5670,8404
5671,8582
5672,8574
5673,8582
5674,8582
5675,8277
5676,8582
5677,8380
5678,8582
5679,8582
5680,8582
5681,8582
5682,8582
5683,8582
5684,7929
5685,8582
5686,8497
5687,8359
5688,8582
5689,8582
5690,8512
5691,8582
5692,8582
5693,8582
5694,8582
5695,8551
5696,8485
5697,8436
5698,8291
5699,8582
5700,8582
5701,8477
5702,8001
5703,8493
5704,8582
5705,8582
5706,8582
5707,8582
5708,8028
5709,8582
5710,8582
5711,8164
5712,8582
5713,8582
5714,8582
5715,8582
5716,8386
5717,8464
5718,8582
5719,8582
5720,8582
5721,8582
5722,8482
5723,8582
5724,8582
5725,8582
5726,8582
5727,8338
5728,8582
5729,8582
5730,8582
5731,7921
5732,8582
5733,8582
5734,8291
5735,8556
5736,8327
5737,8475
5738,8582
5739,8269
5740,8582
5741,8582
5742,8249
5743,8480
5744,8582
5745,8574
5746,8538
5747,8437
5748,8582
5749,8582
5750,8330
5751,8582
5752,8582
5753,8320
5754,8582
5755,8582
5756,8582
5757,8532
5758,8582
5759,8578
5760,8582
5761,8582
5762,8245
5763,8420
5764,8582
5765,8582
5766,8582
5767,8582
5768,8570
5769,8366
5770,8582
5771,8582
5772,8582
5773,8582
5774,8582
5775,8517
5776,8358
5777,8266
5778,8582
5779,8582
5780,8582
5781,8582
5782,8435
5783,8582
5784,8582
5785,8315
5786,8582
5787,8582
5788,8582
5789,8582
5790,8582
5791,8578
5792,8582
5793,8582
5794,8366
5795,8582
5796,8582
5797,8582
5798,8045
5799,8582
5800,8582
5801,8582
5802,7711
5803,8582
5804,8495
5805,8360
5806,8582
5807,8582
5808,8582
5809,8233
5810,8582
5811,8582
5812,8582
5813,8582
5814,8182
5815,8582
5816,8412
5817,8135
5818,8582
5819,8582
5820,8342
5821,8582
5822,8582
5823,8489
5824,8582
5825,8582
5826,8394
5827,8582
5828,8444
5829,8234
5830,8582
5831,8582
5832,8382
5833,8582
5834,8454
5835,8582
5836,8582
5837,8287
5838,8582
5839,8582
5840,8582
5841,8582
5842,8540
5843,8582
5844,8550
5845,8582
5846,8552
5847,8582
5848,8522
5849,8472
5850,8582
5851,8582
5852,8582
5853,8527
5854,8582
5855,8367
5856,8542
5857,8501
5858,8511
5859,8582
5860,8371
5861,8582
5862,8242
5863,8582
5864,7985
5865,8582
5866,8582
5867,8468
5868,8582
5869,8582
5870,8367
5871,8149
5872,8582
5873,8582
5874,8421
5875,8582
5876,8582
5877,8582
5878,8420
5879,8582
5880,8582
5881,8582
5882,8582
5883,8582
5884,8582
5885,8309
5886,8582
5887,8582
5888,8582
5889,7935
5890,8582
5891,8348
5892,8582
5893,8582
5894,8582
5895,8582
5896,8582
5897,8582
5898,8467
5899,8582
5900,8206
5901,8258
5902,8582
5903,8582
5904,8582
5905,8424
5906,8582
5907,8582
5908,8582
5909,8565
5910,8480
5911,8483
5912,8582
5913,8582
5914,8582
5915,8163
5916,8582
5917,8582
5918,8580
5919,8340
5920,8496
5921,8582
5922,8511
5923,8582
5924,8575
5925,8582
5926,8582
5927,8582
5928,8332
5929,8440
5930,8582
5931,8582
5932,8582
5933,8582
5934,8208
5935,8582
5936,8582
5937,8582
5938,8582
5939,8582
5940,8582
5941,8136
5942,8277
5943,8534
5944,8582
5945,8432
5946,8127
5947,8582
5948,8582
5949,8582
5950,8582
5951,8072
5952,8402
5953,8582
5954,8582
5955,8582
5956,8582
5957,8575
5958,8582
5959,8582
5960,8582
5961,8582
5962,8582
5963,8393
5964,8582
5965,8582
5966,8582
5967,8582
5968,8582
5969,8258
5970,8582
5971,8582
5972,8485
5973,8582
5974,8582
5975,8277
5976,8439
5977,8326
5978,8501
5979,8484
5980,8582
5981,8397
5982,8547
5983,8180
5984,8476
5985,8582
5986,8106
5987,8582
5988,8582
5989,8582
5990,8582
5991,8582
5992,8582
5993,8582
5994,8582
5995,8582
5996,8582
5997,8582
5998,8524
5999,8582
6000,8582
6001,8409
6002,8282
6003,8582
6004,8582
6005,8582
6006,8582
6007,8533
6008,8582
6009,8582
6010,8582
6011,8303
6012,8582
6013,8582
6014,8458
6015,8582
6016,8378
6017,8308
6018,8582
6019,8582
6020,8582
6021,8582
6022,8304
6023,8582
6024,8582
6025,8505
6026,8582
6027,8582
6028,8582
6029,8582
6030,8242
6031,8506
6032,8582
6033,8582
6034,8582
6035,8582
6036,8582
6037,8582
6038,8554
6039,8582
6040,8582
6041,8582
6042,8582
6043,8445
6044,8582
6045,8349
6046,8582
6047,8582
6048,8582
6049,8582
6050,8310
6051,8492
6052,8570
6053,8582
6054,8582
6055,8495
6056,8582
6057,8582
6058,8582
6059,8337
6060,8582
6061,8582
6062,8582
6063,8315
6064,8582
6065,8136
6066,8582
6067,8582
6068,8582
6069,8582
6070,8582
6071,8582
6072,8229
6073,8234
6074,8462
6075,8473
6076,8547
6077,8582
6078,8582
6079,8582
6080,8570
6081,8534
6082,8582
6083,8308
6084,8513
6085,8582
6086,8434
6087,8488
6088,8582
6089,8582
6090,8582
6091,8568
6092,8443
6093,8582
6094,8582
6095,8582
6096,8582
6097,8582
6098,8582
6099,8582
6100,8280
6101,8582
6102,8200
6103,8582
6104,8582
6105,8380
6106,8513
6107,8339
6108,8527
6109,8582
6110,8463
6111,8548
6112,8582
6113,8582
6114,8582
6115,8425
6116,8351
6117,8582
6118,8448
6119,8582
6120,8098
6121,8582
6122,8535
6123,8506
6124,8582
6125,8582
6126,8582
6127,8546
6128,7961
6129,8582
6130,8582
6131,8582
6132,8582
6133,8582
6134,8449
6135,8582
6136,8582
6137,8482
6138,8582
6139,8582
6140,8582
6141,8582
6142,8390
6143,8582
6144,8359
6145,8582
6146,8582
6147,7992
6148,8582
6149,8360
6150,8582
6151,8511
6152,8066
6153,8370
6154,8535
6155,8582
6156,8330
6157,8582
6158,8582
6159,8556
6160,8486
6161,8582
6162,8582
6163,8582
6164,8582
6165,8582
6166,8331
6167,8582
6168,8337
6169,8582
6170,8485
6171,8582
6172,8429
6173,8304
6174,8582
6175,8234
6176,8582
6177,8421
6178,8351
6179,8582
6180,8582
6181,8108
6182,8408
6183,8582
6184,8582
6185,8151
6186,8299
6187,8582
6188,8328
6189,8582
6190,8582
6191,8582
6192,8582
6193,8553
6194,8149
6195,8582
6196,8435
6197,8107
6198,8536
6199,8547
6200,8582
6201,8582
6202,8582
6203,8582
6204,8582
6205,8582
6206,8582
6207,8582
6208,8275
6209,8582
6210,8582
6211,8370
6212,8582
6213,8582
6214,8582
6215,8582
6216,8582
6217,8582
6218,8582
6219,8582
6220,8520
6221,8582
6222,8349
6223,8582
6224,8582
6225,8582
6226,8582
6227,8441
6228,8199
6229,8582
6230,8458
6231,8582
6232,8477
6233,8582
6234,8582
6235,8582
6236,8471
6237,8550
6238,8582
6239,8516
6240,8582
6241,8582
6242,8582
6243,8413
6244,8582
6245,8366
6246,8582
6247,8554
6248,8252
6249,8582
6250,8582
6251,8582
6252,8582
6253,8582
6254,8582
6255,8582
6256,8582
6257,8257
6258,8582
6259,8582
6260,8582
6261,8296
6262,8582
6263,8536
6264,8582
6265,8582
6266,8582
6267,8582
6268,7995
6269,8185
6270,8242
6271,8582
6272,8519
6273,8580
6274,8582
6275,8582
6276,8515
6277,8582
6278,8582
6279,8569
6280,8383
6281,8507
6282,8378
6283,7985
6284,8582
6285,8529
6286,8582
6287,8582
6288,8582
6289,8582
6290,8334
6291,8582
6292,8582
6293,8582
6294,8162
6295,8582
6296,8308
6297,8582
6298,8582
6299,8582
6300,8582
6301,8582
6302,8412
6303,8582
6304,8133
6305,8582
6306,8582
6307,8582
6308,8272
6309,8551
6310,8582
6311,8582
6312,8582
6313,8582
6314,8582
6315,8582
6316,8503
6317,8582
6318,8582
6319,8582
6320,8582
6321,8074
6322,8582
6323,8582
6324,8582
6325,8347
6326,8478
6327,8582
6328,8359
6329,8582
6330,8582
6331,8566
6332,8582
6333,8582
6334,8582
6335,8582
6336,8582
6337,8582
6338,8582
6339,8300
6340,8582
6341,8582
6342,8582
6343,8582
6344,8582
6345,8582
6346,8360
6347,8582
6348,8555
6349,8410
6350,8582
6351,8582
6352,8221
6353,8552
6354,8582
6355,8013
6356,8582
6357,8582
6358,8582
6359,8582
6360,8582
6361,8582
6362,8582
6363,8582
6364,8582
6365,8582
6366,8582
6367,8582
6368,8310
6369,8334
6370,8578
6371,8582
6372,8582
6373,8582
6374,8582
6375,8582
6376,8507
6377,8582
6378,8582
6379,8582
6380,8582
6381,8582
6382,8582
6383,8389
6384,8229
6385,8438
6386,8468
6387,8403
6388,8342
6389,8582
6390,8582
6391,8582
6392,8398
6393,8359
6394,8363
6395,8582
6396,8072
6397,8154
6398,8044
6399,8376
6400,8247
6401,8389
6402,8582
6403,8159
6404,8573
6405,8582
6406,8582
6407,8390
6408,8366
6409,8582
6410,8396
6411,8582
6412,8582
6413,8511
6414,8493
6415,8582
6416,8582
6417,8582
6418,8057
6419,8582
6420,8582
6421,8582
6422,8582
6423,8582
6424,8582
6425,8582
6426,8582
6427,8582
6428,8582
6429,8582
6430,8582
6431,8206
6432,8181
6433,8582
6434,8358
6435,8582
6436,8078
6437,8573
6438,8582
6439,8582
6440,8277
6441,8459
6442,8561
6443,8582
6444,8582
6445,8258
6446,8564
6447,8582
6448,8582
6449,8494
6450,8582
6451,8582
6452,8263
6453,8511
6454,8582
6455,8382
6456,8511
6457,8582
6458,8582
6459,8485
6460,8582
6461,8582
6462,8582
6463,8576
6464,8582
6465,8502
6466,8314
6467,8582
6468,8329
6469,8318
6470,8582
6471,8004
6472,8582
6473,8582
6474,8582
6475,8582
6476,8126
6477,8582
6478,8582
6479,8582
6480,8582
6481,8582
6482,8384
6483,8201
6484,8582
6485,8582
6486,8582
6487,8492
6488,8582
6489,8582
6490,8582
6491,8582
6492,8582
6493,8582
6494,8582
6495,8582
6496,8385
6497,8554
6498,8233
6499,8582
6500,8582
6501,8365
6502,8582
6503,8582
6504,8582
6505,8415
6506,8582
6507,8349
6508,8582
6509,8266
6510,8582
6511,8582
6512,8582
6513,8456
6514,8582
6515,8582
6516,8582
6517,8582
6518,8582
6519,8582
6520,8582
6521,8582
6522,8582
6523,8582
6524,8582
6525,8582
6526,8582
6527,8582
6528,8582
6529,8475
6530,8582
6531,8582
6532,8582
6533,8582
6534,8271
6535,8540
6536,8582
6537,8582
6538,8582
6539,8319
6540,8582
6541,8568
6542,8582
6543,8582
6544,8582
6545,7986
6546,8528
6547,8460
6548,8558
6549,8582
6550,8582
6551,8582
6552,8374
6553,8582
6554,8077
6555,8582
6556,8582
6557,8582
6558,8582
6559,8582
6560,8417
6561,8582
6562,8582
6563,8475
6564,8189
6565,8309
6566,8556
6567,8582
6568,8582
6569,8582
6570,8582
6571,8582
6572,8582
6573,8242
6574,8582
6575,8582
6576,8497
6577,8582
6578,8406
6579,8582
6580,8582
6581,8582
6582,8220
6583,8474
6584,8582
6585,8200
6586,8582
6587,8415
6588,8546
6589,8582
6590,8269
6591,8582
6592,8194
6593,8582
6594,8539
6595,8582
6596,8582
6597,8173
6598,8582
6599,8582
6600,8582
6601,8433
6602,8582
6603,8582
6604,8299
6605,8582
6606,8582
6607,8503
6608,8437
6609,8582
6610,8109
6611,8582
6612,8570
6613,8582
6614,8582
6615,8582
6616,8582
6617,8582
6618,8110
6619,8582
6620,8285
6621,8582
6622,8133
6623,8010
6624,8582
6625,8582
6626,8582
6627,8582
6628,8534
6629,8582
6630,8582
6631,8582
6632,8582
6633,8582
6634,8582
6635,8547
6636,8582
6637,8476
6638,8582
6639,8582
6640,8301
6641,8582
6642,8582
6643,8457
6644,8129
6645,8582
6646,8582
6647,8582
6648,8582
6649,8417
6650,8301
6651,8582
6652,8567
6653,8582
6654,8426
6655,8582
6656,8406
6657,8582
6658,8582
6659,8307
6660,8582
6661,8365
6662,8582
6663,8582
6664,8582
6665,8582
6666,8582
6667,8579
6668,8582
6669,8511
6670,8084
6671,8582
6672,8412
6673,8582
6674,8582
6675,8133
6676,8275
6677,8582
6678,8176
6679,8582
6680,8582
6681,7971
6682,8582
6683,8582
6684,8333
6685,8553
6686,8582
6687,8571
6688,8582
6689,8582
6690,8324
6691,8582
6692,8582
6693,8582
6694,8470
6695,8582
6696,8582
6697,8582
6698,8582
6699,8582
6700,8582
6701,8582
6702,8582
6703,8582
6704,8386
6705,8582
6706,8550
6707,8385
6708,8582
6709,8582
6710,8582
6711,8582
6712,8580
6713,8272
6714,8277
6715,8298
6716,8582
6717,8220
6718,8160
6719,8582
6720,8489
6721,8582
6722,8582
6723,8582
6724,8582
6725,8582
6726,8582
6727,8308
6728,8582
6729,8582
6730,8582
6731,8582
6732,8582
6733,8582
6734,8304
6735,8574
6736,8582
6737,8582
6738,8582
6739,8540
6740,8582
6741,8582
6742,8582
6743,8141
6744,8532
6745,8582
6746,8582
6747,8380
6748,8582
6749,8582
6750,8582
6751,8582
6752,8582
6753,8582
6754,8582
6755,8492
6756,8243
6757,8582
6758,8552
6759,8582
6760,8458
6761,8582
6762,8582
6763,8582
6764,8582
6765,8582
6766,8582
6767,8582
6768,8582
6769,8555
6770,8369
6771,8464
6772,8523
6773,8523
6774,8218
6775,8582
6776,8441
6777,8582
6778,8582
6779,8382
6780,8580
6781,8471
6782,8582
6783,8582
6784,8582
6785,8408
6786,8582
6787,8582
6788,8582
6789,8482
6790,8582
6791,8582
6792,8582
6793,8582
6794,8578
6795,8582
6796,8013
6797,8582
6798,8582
6799,8582
6800,8582
6801,8415
6802,8582
6803,8582
6804,8582
6805,8293
6806,8008
6807,8582
6808,8496
6809,8413
6810,8582
6811,8533
6812,8582
6813,8582
6814,8582
6815,8582
6816,8582
6817,8461
6818,8582
6819,8582
6820,8582
6821,8460
6822,8582
6823,8582
6824,8582
6825,8582
6826,8582
6827,8582
6828,8582
6829,8582
6830,8582
6831,8404
6832,8582
6833,8582
6834,8582
6835,8582
6836,8582
6837,8582
6838,8582
6839,8582
6840,8582
6841,8473
6842,8582
6843,8582
6844,8582
6845,8582
6846,8582
6847,8582
6848,8289
6849,8582
6850,8582
6851,8582
6852,8582
6853,8582
6854,8582
6855,8582
6856,8582
6857,8582
6858,8272
6859,8582
6860,8426
6861,8582
6862,8582
6863,8582
6864,8582
6865,8582
6866,8424
6867,8582
6868,8582
6869,8582
6870,8357
6871,8582
6872,8582
6873,8327
6874,8582
6875,8582
6876,8582
6877,8518
6878,8582
6879,8582
6880,8582
6881,8009
6882,8582
6883,8548
6884,8582
6885,8582
6886,8309
6887,8582
6888,8119
6889,8582
6890,8582
6891,8582
6892,8506
6893,8342
6894,8582
6895,8582
6896,8569
6897,8582
6898,8582
6899,8582
6900,8582
6901,8582
6902,8582
6903,8582
6904,8582
6905,8582
6906,8564
6907,8536
6908,8582
6909,8582
6910,8451
6911,8582
6912,8582
6913,8582
6914,8582
6915,8582
6916,8582
6917,8582
6918,8582
6919,8582
6920,8527
6921,8582
6922,8505
6923,8171
6924,8582
6925,8582
6926,8582
6927,8263
6928,8582
6929,8582
6930,8582
6931,8582
6932,8438
6933,8448
6934,8582
6935,8582
6936,8582
6937,8393
6938,8582
6939,8582
6940,8487
6941,8582
6942,8582
6943,8432
6944,8438
6945,8582
6946,8582
6947,8468
6948,8361
6949,8308
6950,8582
6951,8582
6952,8582
6953,8582
6954,8582
6955,8229
6956,8582
6957,8582
6958,8582
6959,8449
6960,8582
6961,8582
6962,8582
6963,8582
6964,8582
6965,8021
6966,8582
6967,8582
6968,8582
6969,8429
6970,8482
6971,8283
6972,8525
6973,8582
6974,8582
6975,8582
6976,8582
6977,8220
6978,8578
6979,8582
6980,7991
6981,8089
6982,8507
6983,8582
6984,8582
6985,8582
6986,8582
6987,8555
6988,8582
6989,8582
6990,8582
6991,8582
6992,8123
6993,8582
6994,8577
6995,8406
6996,8582
6997,8389
6998,8582
6999,8530
7000,8582
7001,8105
7002,8582
7003,8582
7004,8582
7005,8462
7006,8582
7007,8582
7008,8561
7009,8582
7010,8582
7011,8582
7012,8410
7013,8582
7014,8556
7015,8356
7016,8394
7017,8582
7018,8582
7019,8158
7020,8582
7021,8582
7022,8582
7023,8582
7024,8582
7025,8582
7026,8582
7027,8309
7028,8582
7029,8122
7030,8582
7031,8582
7032,8582
7033,8582
7034,8582
7035,8434
7036,8498
7037,8582
7038,8582
7039,8238
7040,8582
7041,8582
7042,8582
7043,8582
7044,8383
7045,8582
7046,8582
7047,8302
7048,8582
7049,8176
7050,8582
7051,8535
7052,8582
7053,8582
7054,8582
7055,8582
7056,8454
7057,8518
7058,8582
7059,8582
7060,8582
7061,8582
7062,8582
7063,8447
7064,8582
7065,8528
7066,8582
7067,8582
7068,8582
7069,8582
7070,8582
7071,8523
7072,8578
7073,8493
7074,8582
7075,8426
7076,8582
7077,8582
7078,8582
7079,8266
7080,8582
7081,8582
7082,8582
7083,8582
7084,8582
7085,8582
7086,8582
7087,8124
7088,8582
7089,8582
7090,8214
7091,8582
7092,8125
7093,8582
7094,8582
7095,8582
7096,8582
7097,8238
7098,8582
7099,8575
7100,8582
7101,8055
7102,7973
7103,8582
7104,8178
7105,8582
7106,8582
7107,8307
7108,8534
7109,8411
7110,8582
7111,8582
7112,8465
7113,8582
7114,8582
7115,8582
7116,8582
7117,8582
7118,8582
7119,8224
7120,8486
7121,8582
7122,8582
7123,8582
7124,8582
7125,8582
7126,8541
7127,8582
7128,8582
7129,8582
7130,8582
7131,8582
7132,8582
7133,8582
7134,8582
7135,8582
7136,8364
7137,8227
7138,8572
7139,8582
7140,8412
7141,8262
7142,8582
7143,8582
7144,8517
7145,8582
7146,8582
7147,8582
7148,8582
7149,8255
7150,8582
7151,8410
7152,8582
7153,8122
7154,8339
7155,8094
7156,8582
7157,8582
7158,8582
7159,8582
7160,8366
7161,8582
7162,8183
7163,8582
7164,8486
7165,8565
7166,8203
7167,8437
7168,8582
7169,8338
7170,8582
7171,8582
7172,8487
7173,8254
7174,8582
7175,8577
7176,8582
7177,8433
7178,8582
7179,8582
7180,8582
7181,8267
7182,8543
7183,8582
7184,8510
7185,8582
7186,8582
7187,8582
7188,8582
7189,7934
7190,8582
7191,8582
7192,8582
7193,8582
7194,8582
7195,8582
7196,8582
7197,8582
7198,8582
7199,8582
7200,8582
7201,8338
7202,8582
7203,8489
7204,8519
7205,8469
7206,8582
7207,8403
7208,8582
7209,8563
7210,8226
7211,8028
7212,8582
7213,8136
7214,8582
7215,8582
7216,8582
7217,8502
7218,8582
7219,8277
7220,8582
7221,8269
7222,8576
7223,8577
7224,8426
7225,8582
7226,8582
7227,8376
7228,8582
7229,8429
7230,8582
7231,8273
7232,8521
7233,8582
7234,8582
7235,8466
7236,8582
7237,8582
7238,8582
7239,8582
7240,8582
7241,8582
7242,8582
7243,8412
7244,8582
7245,8211
7246,8582
7247,8582
7248,8543
7249,8582
7250,8336
7251,8422
7252,8582
7253,8582
7254,8582
7255,8582
7256,8582
7257,8582
7258,8582
7259,8467
7260,8582
7261,8582
7262,8582
7263,8463
7264,8396
7265,8582
7266,8582
7267,8582
7268,8254
7269,8036
7270,8582
7271,8582
7272,8582
7273,8582
7274,8582
7275,8582
7276,8374
7277,8500
7278,8582
7279,8555
7280,8582
7281,8562
7282,8582
7283,8582
7284,8491
7285,8582
7286,8582
7287,8582
7288,8582
7289,8582
7290,8582
7291,8582
7292,8582
7293,8521
7294,8473
7295,8582
7296,8582
7297,8582
7298,8178
7299,8503
7300,8520
7301,8544
7302,8309
7303,8582
7304,8557
7305,8582
7306,8582
7307,8582
7308,8542
7309,8378
7310,8582
7311,8344
7312,8582
7313,8343
7314,8582
7315,8582
7316,8582
7317,8404
7318,8582
7319,8582
7320,7841
7321,8474
7322,8493
7323,8582
7324,8405
7325,8582
7326,8550
7327,8581
7328,8582
7329,8481
7330,8201
7331,8582
7332,8582
7333,8582
7334,8469
7335,8312
7336,8392
7337,8582
7338,8183
7339,8582
7340,8132
7341,8582
7342,8582
7343,8582
7344,8582
7345,8507
7346,8281
7347,8582
7348,8582
7349,8582
7350,8301
7351,8429
7352,8578
7353,8582
7354,8541
7355,8116
7356,8378
7357,8582
7358,8582
7359,8384
7360,8582
7361,8582
7362,8558
7363,8582
7364,8537
7365,8582
7366,8582
7367,8582
7368,8575
7369,8254
7370,8582
7371,8582
7372,8582
7373,8582
7374,8519
7375,8582
7376,8582
7377,8582
7378,8582
7379,8582
7380,8449
7381,8444
7382,8582
7383,8582
7384,8445
7385,8582
7386,8582
7387,8582
7388,8582
7389,8582
7390,8582
7391,8582
7392,8582
7393,8582
7394,8494
7395,8021
7396,8582
7397,8578
7398,8582
7399,8582
7400,8582
7401,8582
7402,8579
7403,8177
7404,8582
7405,8582
7406,8582
7407,8313
7408,8253
7409,8582
7410,8582
7411,8571
7412,8582
7413,8582
7414,8555
7415,8582
7416,8582
7417,8582
7418,8582
7419,8373
7420,8258
7421,8582
7422,8582
7423,8582
7424,8498
7425,8582
7426,8582
7427,8582
7428,8582
7429,8451
7430,8393
7431,8368
7432,8091
7433,8532
7434,8582
7435,8582
7436,8197
7437,8582
7438,8285
7439,8568
7440,8582
7441,8420
7442,8582
7443,8582
7444,8582
7445,8368
7446,8073
7447,8582
7448,8582
7449,8582
7450,8215
7451,8311
7452,8582
7453,8582
7454,8582
7455,8509
7456,8443
7457,8582
7458,8582
7459,8582
7460,8582
7461,8582
7462,7849
7463,8582
7464,8546
7465,8582
7466,8582
7467,8582
7468,8582
7469,8582
7470,8582
7471,8582
7472,8394
7473,8396
7474,8582
7475,8218
7476,8582
7477,8582
7478,8582
7479,8582
7480,8582
7481,8582
7482,8582
7483,8582
7484,8582
7485,8225
7486,8582
7487,8582
7488,8357
7489,8582
7490,8582
7491,8582
7492,8295
7493,8582
7494,8582
7495,8318
7496,8582
7497,8582
7498,8385
7499,8582
7500,8582
7501,8372
7502,8150
7503,8582
7504,8315
7505,8582
7506,8553
7507,8501
7508,8388
7509,8582
7510,8582
7511,8170
7512,8582
7513,8010
7514,8582
7515,8478
7516,8582
7517,8582
7518,8582
7519,8582
7520,8582
7521,8582
7522,8578
7523,8582
7524,8582
7525,8582
7526,8582
7527,8582
7528,8582
7529,8536
7530,8129
7531,8582
7532,8452
7533,8330
7534,8534
7535,8582
7536,8582
7537,8582
7538,8582
7539,8582
7540,8398
7541,8582
7542,8582
7543,8582
7544,8582
7545,8582
7546,8582
7547,8582
7548,8582
7549,8582
7550,8582
7551,8392
7552,8400
7553,8582
7554,8582
7555,8582
7556,8421
7557,8582
7558,8582
7559,8195
7560,8582
7561,8582
7562,8246
7563,8516
7564,8582
7565,8516
7566,8582
7567,8582
7568,8582
7569,8144
7570,7940
7571,8582
7572,8362
7573,8577
7574,8582
7575,8542
7576,8317
7577,8095
7578,8582
7579,8582
7580,8582
7581,8582
7582,8124
7583,8510
7584,8340
7585,8582
7586,8582
7587,8582
7588,8582
7589,8375
7590,8582
7591,8582
7592,8464
7593,8582
7594,8582
7595,8582
7596,8582
7597,8582
7598,8070
7599,8207
7600,8317
7601,8529
7602,8582
7603,8582
7604,8582
7605,8582
7606,8582
7607,8272
7608,8582
7609,8478
7610,8302
7611,8582
7612,8582
7613,8582
7614,8251
7615,8582
7616,8582
7617,8192
7618,8242
7619,8582
7620,8582
7621,8304
7622,8475
7623,8582
7624,8582
7625,8296
7626,8582
7627,8582
7628,8582
7629,8175
7630,8582
7631,8582
7632,8582
7633,8582
7634,8495
7635,8582
7636,8582
7637,8582
7638,8582
7639,8582
7640,8582
7641,8229
7642,8195
7643,8582
7644,8363
7645,8294
7646,8067
7647,8582
7648,8582
7649,8582
7650,8270
7651,8582
7652,8356
7653,8420
7654,8571
7655,8582
7656,8582
7657,8582
7658,8582
7659,8582
7660,8582
7661,8582
7662,8489
7663,8582
7664,8582
7665,8577
7666,8382
7667,8582
7668,8229
7669,8582
7670,8485
7671,8582
7672,8582
7673,8582
7674,8579
7675,8577
7676,8451
7677,8445
7678,8582
7679,8582
7680,8218
7681,8582
7682,8252
7683,8279
7684,8486
7685,8582
7686,8448
7687,8582
7688,8582
7689,8582
7690,8180
7691,8582
7692,8582
7693,8582
7694,8495
7695,8413
7696,8438
7697,8582
7698,8582
7699,8582
7700,8582
7701,8582
7702,8582
7703,8251
7704,8541
7705,8582
7706,8530
7707,8582
7708,8582
7709,8504
7710,8561
7711,8354
7712,8109
7713,8533
7714,8582
7715,8325
7716,8582
7717,8582
7718,7990
7719,8582
7720,8582
7721,8442
7722,8582
7723,8460
7724,8582
7725,8582
7726,8582
7727,8582
7728,8290
7729,8361
7730,8582
7731,8582
7732,8431
7733,8543
7734,8582
7735,8582
7736,8582
7737,8568
7738,8582
7739,8582
7740,8582
7741,8582
7742,8582
7743,8582
7744,8582
7745,8582
7746,8582
7747,8582
7748,8582
7749,8582
7750,8582
7751,8582
7752,8237
7753,8390
7754,8371
7755,8582
7756,8329
7757,8582
7758,8582
7759,8578
7760,8582
7761,8582
7762,8582
7763,8582
7764,8425
7765,8582
7766,8582
7767,8582
7768,8343
7769,8579
7770,8298
7771,8582
7772,8582
7773,8582
7774,8582
7775,8582
7776,8582
7777,8042
7778,8582
7779,8582
7780,8582
7781,8582
7782,8582
7783,8274
7784,8582
7785,8582
7786,8582
7787,8582
7788,8553
7789,8334
7790,8582
7791,8401
7792,8582
7793,8449
7794,8582
7795,8582
7796,8582
7797,8582
7798,8582
7799,8582
7800,8582
7801,8582
7802,8582
7803,8582
7804,8582
7805,8582
7806,8582
7807,8409
7808,8476
7809,8514
7810,8582
7811,8462
7812,8209
7813,8582
7814,8582
7815,8582
7816,8582
7817,8582
7818,8582
7819,8508
7820,8582
7821,8582
7822,8582
7823,8582
7824,8582
7825,8582
7826,8582
7827,8582
7828,8582
7829,8582
7830,8428
7831,8538
7832,8582
7833,8582
7834,8582
7835,8582
7836,8582
7837,8484
7838,8582
7839,8582
7840,8582
7841,8582
7842,8582
7843,8582
7844,8558
7845,8557
7846,8582
7847,8232
7848,8398
7849,8099
7850,8582
7851,8582
7852,8500
7853,8386
7854,8582
7855,8468
7856,8582
7857,8582
7858,8539
7859,8172
7860,8582
7861,8582
7862,8582
7863,8330
7864,8261
7865,8582
7866,8582
7867,8582
7868,8582
7869,8582
7870,8582
7871,8582
7872,8582
7873,8582
7874,8582
7875,8582
7876,8556
7877,8582
7878,8579
7879,8582
7880,8531
7881,8117
7882,8582
7883,8358
7884,8423
7885,8582
7886,8582
7887,8582
7888,8516
7889,8582
7890,8582
7891,8262
7892,8582
7893,8535
7894,8566
7895,8582
7896,8582
7897,8377
7898,8564
7899,8582
7900,8582
7901,8582
7902,8582
7903,8411
7904,8501
7905,8582
7906,8352
7907,8451
7908,8582
7909,8582
7910,8582
7911,8582
7912,8582
7913,8582
7914,8582
7915,8461
7916,8163
7917,8431
7918,8159
7919,8582
7920,8582
7921,8016
7922,8582
7923,8582
7924,8582
7925,8452
7926,8582
7927,8582
7928,8301
7929,8479
7930,8516
7931,8521
7932,8582
7933,8582
7934,8525
7935,8498
7936,8378
7937,8582
7938,8247
7939,8315
7940,8582
7941,8512
7942,8582
7943,8374
7944,8582
7945,8582
7946,8582
7947,8582
7948,8475
7949,8582
7950,8582
7951,8582
7952,8260
7953,8582
7954,8582
7955,8550
7956,8582
7957,8385
7958,8286
7959,8582
7960,8582
7961,8582
7962,8582
7963,8582
7964,8391
7965,8582
7966,8582
7967,8417
7968,8582
7969,8573
7970,8582
7971,8582
7972,8431
7973,8582
7974,8582
7975,8582
7976,8582
7977,8306
7978,8582
7979,8582
7980,8287
7981,8582
7982,8309
7983,8582
7984,8582
7985,8366
7986,8582
7987,8424
7988,8495
7989,8582
7990,8582
7991,8582
7992,8582
7993,8154
7994,8566
7995,8582
7996,8548
7997,8582
7998,8582
7999,8582
8000,8582
8001,8582
8002,8582
8003,8338
8004,8582
8005,8506
8006,8582
8007,8474
8008,8320
8009,8158
8010,8582
8011,8582
8012,8257
8013,8582
8014,8388
8015,8266
8016,8582
8017,8582
8018,8433
8019,8388
8020,8229
8021,8582
8022,8582
8023,8582
8024,8582
8025,8582
8026,8563
8027,8446
8028,8439
8029,8582
8030,8563
8031,8386
8032,8582
8033,8582
8034,8582
8035,8582
8036,8582
8037,8467
8038,8582
8039,8582
8040,8582
8041,8582
8042,8339
8043,8582
8044,8347
8045,8470
8046,8152
8047,8582
8048,8582
8049,8330
8050,8582
8051,8582
8052,8582
8053,8582
8054,8146
8055,8582
8056,8582
8057,8582
8058,8582
8059,8582
8060,8555
8061,8582
8062,8582
8063,8582
8064,8582
8065,8582
8066,8582
8067,8582
8068,8472
8069,8307
8070,8582
8071,8400
8072,8582
8073,8219
8074,8557
8075,8582
8076,8582
8077,8582
8078,8582
8079,8582
8080,8582
8081,8582
8082,8582
8083,8544
8084,8582
8085,8404
8086,8380
8087,8550
8088,8582
8089,8223
8090,8582
8091,8537
8092,8582
8093,8582
8094,8558
8095,8582
8096,8582
8097,8513
8098,8582
8099,8582
8100,8475
8101,8492
8102,8582
8103,8494
8104,8516
8105,8582
8106,8582
8107,8345
8108,8582
8109,8433
8110,8434
8111,8582
8112,8582
8113,8582
8114,8544
8115,8582
8116,8197
8117,8582
8118,8582
8119,8582
8120,8582
8121,8582
8122,8582
8123,8239
8124,8582
8125,8582
8126,8582
8127,8541
8128,8342
8129,8582
8130,8582
8131,8582
8132,8582
8133,8414
8134,8582
8135,8582
8136,8582
8137,8582
8138,8540
8139,8517
8140,8224
8141,8582
8142,8112
8143,8425
8144,8582
8145,8442
8146,8582
8147,8295
8148,8582
8149,8582
8150,8582
8151,8582
8152,8304
8153,8508
8154,8582
8155,8582
8156,8447
8157,8582
8158,8582
8159,8582
8160,8582
8161,8293
8162,8582
8163,8582
8164,8481
8165,8582
8166,8508
8167,8557
8168,8582
8169,8520
8170,8582
8171,8582
8172,8582
8173,8582
8174,8582
8175,8582
8176,8582
8177,8334
8178,8550
8179,8582
8180,8062
8181,8582
8182,8582
8183,8582
8184,8582
8185,8582
8186,8397
8187,8091
8188,8582
8189,8582
8190,8582
8191,8582
8192,8582
8193,8582
8194,8582
8195,8582
8196,8582
8197,8582
8198,8582
8199,8495
8200,8582
8201,8582
8202,7902
8203,8582
8204,8582
8205,8582
8206,8376
8207,8500
8208,8471
8209,8582
8210,8582
8211,8170
8212,8582
8213,8582
8214,8582
8215,8582
8216,8426
8217,8582
8218,8582
8219,8582
8220,8125
8221,8204
8222,8582
8223,8582
8224,8582
8225,8582
8226,8582
8227,8582
8228,8582
8229,8582
8230,8582
8231,8460
8232,8582
8233,8286
8234,8429
8235,8582
8236,8548
8237,8582
8238,8582
8239,8582
8240,8582
8241,8470
8242,8579
8243,8582
8244,8582
8245,8124
8246,8284
8247,8555
8248,8582
8249,8506
8250,8582
8251,8569
8252,8561
8253,8260
8254,8582
8255,8582
8256,8582
8257,8582
8258,8582
8259,8582
8260,8582
8261,8235
8262,8582
8263,8195
8264,8433
8265,8582
8266,8582
8267,8582
8268,8582
8269,8228
8270,8519
8271,8582
8272,8582
8273,8582
8274,8582
8275,8582
8276,8582
8277,8155
8278,8582
8279,8165
8280,8579
8281,8582
8282,8582
8283,8152
8284,8582
8285,8582
8286,8582
8287,8582
8288,8261
8289,8582
8290,8350
8291,8582
8292,8582
8293,8582
8294,8582
8295,8582
8296,8582
8297,8582
8298,8582
8299,8582
8300,8451
8301,8441
8302,8486
8303,8582
8304,8104
8305,8582
8306,8582
8307,8582
8308,8377
8309,8582
8310,8582
8311,8582
8312,8582
8313,8545
8314,8582
8315,8582
8316,8411
8317,8582
8318,8570
8319,8582
8320,8582
8321,8582
8322,8582
8323,8039
8324,8582
8325,8540
8326,8582
8327,8185
8328,8582
8329,8513
8330,8411
8331,8582
8332,8582
8333,8582
8334,8582
8335,8582
8336,8582
8337,8346
8338,8582
8339,8161
8340,8582
8341,8141
8342,8582
8343,8582
8344,8582
8345,8582
8346,8582
8347,8582
8348,8392
8349,8293
8350,8582
8351,8503
8352,8309
8353,8582
8354,8425
8355,8328
8356,8577
8357,8582
8358,8582
8359,8582
8360,8221
8361,8582
8362,8582
8363,8582
8364,8582
8365,8582
8366,8582
8367,8582
8368,8582
8369,8582
8370,8166
8371,8582
8372,8377
8373,8582
8374,8582
8375,8582
8376,8464
8377,8296
8378,8582
8379,8412
8380,8582
8381,8564
8382,8582
8383,8582
8384,8582
8385,8283
8386,8503
8387,8582
8388,8194
8389,8285
8390,8582
8391,8582
8392,8056
8393,8582
8394,8516
8395,8582
8396,8582
8397,8582
8398,8405
8399,8495
8400,8582
8401,8457
8402,8077
8403,8323
8404,8582
8405,8582
8406,8582
8407,8582
8408,8582
8409,8505
8410,8582
8411,8582
8412,8358
8413,8582
8414,8582
8415,8469
8416,8582
8417,8582
8418,7876
8419,8021
8420,7939
8421,8582
8422,8388
8423,8582
8424,8582
8425,8582
8426,8498
8427,8582
8428,8582
8429,8582
8430,8582
8431,8582
8432,8477
8433,8137
8434,8582
8435,8582
8436,8309
8437,8582
8438,8559
8439,8259
8440,8456
8441,8582
8442,8417
8443,8509
8444,8582
8445,8582
8446,8582
8447,8582
8448,8582
8449,8582
8450,8582
8451,8569
8452,8582
8453,8218
8454,8582
8455,8574
8456,8320
8457,8582
8458,8582
8459,8582
8460,8582
8461,8582
8462,8470
8463,8582
8464,8408
8465,8582
8466,8371
8467,8582
8468,8172
8469,8306
8470,8367
8471,8582
8472,8582
8473,8582
8474,8582
8475,8582
8476,8582
8477,8582
8478,8582
8479,8235
8480,8582
8481,8561
8482,8582
8483,8582
8484,8582
8485,8448
8486,8582
8487,7985
8488,8582
8489,8335
8490,8368
8491,8582
8492,8292
8493,8582
8494,8582
8495,8582
8496,8582
8497,8582
8498,8582
8499,8582
8500,8432
8501,8582
8502,8494
8503,8582
8504,8582
8505,8582
8506,8582
8507,8582
8508,8582
8509,8582
8510,8228
8511,8007
8512,8582
8513,8493
8514,8582
8515,8582
8516,8296
8517,8582
8518,8529
8519,8582
8520,8582
8521,8527
8522,8582
8523,8582
8524,8582
8525,8535
8526,8582
8527,8370
8528,8568
8529,8582
8530,8582
8531,8409
8532,8582
8533,8582
8534,8582
8535,8582
8536,8582
8537,8497
8538,8582
8539,8582
8540,8318
8541,8582
8542,8516
8543,8582
8544,8582
8545,8546
8546,8582
8547,8582
8548,8241
8549,8210
8550,8311
8551,8378
8552,8307
8553,8582
8554,8243
8555,8553
8556,8582
8557,8582
8558,8582
8559,8582
8560,8582
8561,8582
8562,8582
8563,8456
8564,8309
8565,8582
8566,8552
8567,8582
8568,8582
8569,8514
8570,8582
8571,8582
8572,8064
8573,8400
8574,8380
8575,8491
8576,8582
8577,8582
8578,8582
8579,8316
8580,8582
8581,8582
8582,8582
8583,8582
8584,8582
8585,8582
8586,8582
8587,8278
8588,8582
8589,8281
8590,8373
8591,8575
8592,8582
8593,8582
8594,8582
8595,8582
8596,8582
8597,8489
8598,8425
8599,8582
8600,8535
8601,8582
8602,8495
8603,8582
8604,8582
8605,8582
8606,8582
8607,8582
8608,8582
8609,8582
8610,8582
8611,8478
8612,8017
8613,8582
8614,8582
8615,8248
8616,8390
8617,8582
8618,8582
8619,8246
8620,8582
8621,8582
8622,8582
8623,8582
8624,8582
8625,8582
8626,8582
8627,8571
8628,8582
8629,8264
8630,8582
8631,8529
8632,8462
8633,8582
8634,8389
8635,8582
8636,8582
8637,8582
8638,8582
8639,8582
8640,8582
8641,8582
8642,8436
8643,8582
8644,8582
8645,8582
8646,8582
8647,8320
8648,8582
8649,8376
8650,8582
8651,8582
8652,8582
8653,8529
8654,8582
8655,8582
8656,8270
8657,8582
8658,8386
8659,8582
8660,8035
8661,8112
8662,8582
8663,8582
8664,8582
8665,8092
8666,8582
8667,8211
8668,8393
8669,8262
8670,8582
8671,8582
8672,8582
8673,8582
8674,8582
8675,8377
8676,8582
8677,8582
8678,8582
8679,8300
8680,8582
8681,8517
8682,8582
8683,8463
8684,8509
8685,8462
8686,8333
8687,8470
8688,8276
8689,8582
8690,8582
8691,8369
8692,8582
8693,8384
8694,8582
8695,8368
8696,8582
8697,8582
8698,8582
8699,8582
8700,8582
8701,8582
8702,8582
8703,8471
8704,8582
8705,8582
8706,7979
8707,8582
8708,8144
8709,8582
8710,8394
8711,8582
8712,8582
8713,8582
8714,7991
8715,8582
8716,8464
8717,8582
8718,8582
8719,8256
8720,8582
8721,8582
8722,8582
8723,8399
8724,8438
8725,8582
8726,8582
8727,8582
8728,8582
8729,8512
8730,8162
8731,8582
8732,8476
8733,8582
8734,8582
8735,8021
8736,8414
8737,8140
8738,8582
8739,8280
8740,8582
8741,8519
8742,8582
8743,8582
8744,8454
8745,8227
8746,8582
8747,8582
8748,8582
8749,8582
8750,8414
8751,8582
8752,8582
8753,8582
8754,8300
8755,8582
8756,8434
8757,8582
8758,8582
8759,8582
8760,8582
8761,8582
8762,8424
8763,8582
8764,8582
8765,8561
8766,8294
8767,8582
8768,8582
8769,8478
8770,8582
8771,8156
8772,8582
8773,8399
8774,8109
8775,8312
8776,8183
8777,8582
8778,8346
8779,8582
8780,8582
8781,8263
8782,8582
8783,8410
8784,8582
8785,8582
8786,8566
8787,8582
8788,8405
8789,8582
8790,8582
8791,8582
8792,8582
8793,8582
8794,8313
8795,8582
8796,8582
8797,8582
8798,8480
8799,8581
8800,8582
8801,8560
8802,8258
8803,8582
8804,8522
8805,8582
8806,8475
8807,8582
8808,8280
8809,8582
8810,8582
8811,8582
8812,8582
8813,8582
8814,8582
8815,8582
8816,8582
8817,8217
8818,8582
8819,8479
8820,8470
8821,8547
8822,8481
8823,8582
8824,8582
8825,8582
8826,8582
8827,8582
8828,8582
8829,8582
8830,8582
8831,8576
8832,8582
8833,8582
8834,8519
8835,8554
8836,8582
8837,8329
8838,8582
8839,8582
8840,8439
8841,8582
8842,8582
8843,8582
8844,8582
8845,8334
8846,8440
8847,8402
8848,8582
8849,8536
8850,8286
8851,8582
8852,8582
8853,8582
8854,8582
8855,8582
8856,8582
8857,8582
8858,8582
8859,8582
8860,8291
8861,8582
8862,8045
8863,8582
8864,7931
8865,8582
8866,8291
8867,7969
8868,8518
8869,8266
8870,8582
8871,8582
8872,8582
8873,8496
8874,8478
8875,8582
8876,8455
8877,8374
8878,8582
8879,8539
8880,8463
8881,8582
8882,8200
8883,8102
8884,8548
8885,8582
8886,8582
8887,8582
8888,8556
8889,8487
8890,8582
8891,8582
8892,8491
8893,8582
8894,8582
8895,8582
8896,8582
8897,8544
8898,8223
8899,8582
8900,8582
8901,8582
8902,8582
8903,8582
8904,8582
8905,8515
8906,8582
8907,8582
8908,8527
8909,8582
8910,8457
8911,8158
8912,8582
8913,8501
8914,8354
8915,8582
8916,8582
8917,8582
8918,8582
8919,8582
8920,8582
8921,8498
8922,8531
8923,8582
8924,8401
8925,8102
8926,8582
8927,8582
8928,8382
8929,8042
8930,8582
8931,8438
8932,8476
8933,8582
8934,8582
8935,8582
8936,8262
8937,8244
8938,8582
8939,8582
8940,8545
8941,8582
8942,8582
8943,8582
8944,8582
8945,8582
8946,8582
8947,8582
8948,8438
8949,8446
8950,8484
8951,8582
8952,8582
8953,8582
8954,8367
8955,8414
8956,8582
8957,8526
8958,8142
8959,8077
8960,8582
8961,8378
8962,8582
8963,8582
8964,8582
8965,8582
8966,8582
8967,8232
8968,8507
8969,8279
8970,8175
8971,8582
8972,8582
8973,8573
8974,8461
8975,8445
8976,8582
8977,8341
8978,8582
8979,8582
8980,8582
8981,8582
8982,8582
8983,8387
8984,8582
8985,8349
8986,8582
8987,8403
8988,8582
8989,8489
8990,8582
8991,8582
8992,8582
8993,8582
8994,8238
8995,8455
8996,8582
8997,8582
8998,8479
8999,8239
9000,8582
9001,8285
9002,8582
9003,8582
9004,8582
9005,8582
9006,8582
9007,8582
9008,8582
9009,8582
9010,8582
9011,8582
9012,8582
9013,8582
9014,8582
9015,8552
9016,8582
9017,8582
9018,8385
9019,8582
9020,8582
9021,8582
9022,8582
9023,8582
9024,8384
9025,8582
9026,8582
9027,8582
9028,8582
9029,8582
9030,8582
9031,8051
9032,8582
9033,8582
9034,8582
9035,8582
9036,8552
9037,8582
9038,8582
9039,8402
9040,8240
9041,8582
9042,8582
9043,8582
9044,8582
9045,8360
9046,8396
9047,8582
9048,8582
9049,8582
9050,8582
9051,8582
9052,8582
9053,8582
9054,8452
9055,8183
9056,8582
9057,8582
9058,8582
9059,8582
9060,8582
9061,8582
9062,8582
9063,8582
9064,8582
9065,8153
9066,8271
9067,8582
9068,8582
9069,8360
9070,8125
9071,8582
9072,8582
9073,8455
9074,8544
9075,8582
9076,8582
9077,8582
9078,8478
9079,8548
9080,8316
9081,8582
9082,8582
9083,8487
9084,8582
9085,8098
9086,8582
9087,8582
9088,8582
9089,8582
9090,8582
9091,8582
9092,8448
9093,8139
9094,8582
9095,8582
9096,8435
9097,8582
9098,8311
9099,7943
9100,8433
9101,8582
9102,8480
9103,8201
9104,8582
9105,8227
9106,8582
9107,8582
9108,8582
9109,8449
9110,8582
9111,8582
9112,8582
9113,8492
9114,8582
9115,8394
9116,8582
9117,8582
9118,8582
9119,8289
9120,8463
9121,8582
9122,8582
9123,8582
9124,8582
9125,8582
9126,8582
9127,8467
9128,8582
9129,8582
9130,7964
9131,8582
9132,8582
9133,8582
9134,8372
9135,8435
9136,8582
9137,8381
9138,8464
9139,8582
9140,8582
9141,8540
9142,8582
9143,8319
9144,8582
9145,8582
9146,8582
9147,8406
9148,8582
9149,8464
9150,8582
9151,8582
9152,8582
9153,8298
9154,8118
9155,8582
9156,8582
9157,8582
9158,8222
9159,8582
9160,8582
9161,8582
9162,8582
9163,8582
9164,8582
9165,8582
9166,8582
9167,8582
9168,8582
9169,8582
9170,8320
9171,8582
9172,8582
9173,8582
9174,8547
9175,8582
9176,8518
9177,8402
9178,8582
9179,8582
9180,8582
9181,8470
9182,8582
9183,8582
9184,8582
9185,8582
9186,8582
9187,8582
9188,8582
9189,8582
9190,8582
9191,8582
9192,8582
9193,8336
9194,8547
9195,8451
9196,8582
9197,8582
9198,8582
9199,8582
9200,8554
9201,8582
9202,8506
9203,8582
9204,8468
9205,8465
9206,8582
9207,8582
9208,8582
9209,8577
9210,8193
9211,8582
9212,8582
9213,8409
9214,8582
9215,8126
9216,8582
9217,8582
9218,8426
9219,8582
9220,8582
9221,8286
9222,8434
9223,8582
9224,8582
9225,8582
9226,8248
9227,8582
9228,8582
9229,8582
9230,8582
9231,8582
9232,8577
9233,8395
9234,8582
9235,8582
9236,8534
9237,8582
9238,8158
9239,8582
9240,8486
9241,8582
9242,8440
9243,8582
9244,8582
9245,8582
9246,8582
9247,8582
9248,8582
9249,8364
9250,8555
9251,8582
9252,8582
9253,8582
9254,8582
9255,8582
9256,8582
9257,8582
9258,8582
9259,8582
9260,8582
9261,8445
9262,8190
9263,8530
9264,8279
9265,8408
9266,8582
9267,8107
9268,8177
9269,8582
9270,8582
9271,8582
9272,8558
9273,8497
9274,8582
9275,8418
9276,8582
9277,8582
9278,8262
9279,8195
9280,8582
9281,8145
9282,8090
9283,8582
9284,8582
9285,8573
9286,8548
9287,8582
9288,8582
9289,8319
9290,8582
9291,8582
9292,8582
9293,8582
9294,8582
9295,8582
9296,8582
9297,8022
9298,8525
9299,8335
9300,8369
9301,8582
9302,8582
9303,8582
9304,8282
9305,8345
9306,8582
9307,8582
9308,8302
9309,8582
9310,8582
9311,8582
9312,8582
9313,8582
9314,8582
9315,8582
9316,8582
9317,8430
9318,8582
9319,8482
9320,8582
9321,8390
9322,8582
9323,8582
9324,8582
9325,8582
9326,8582
9327,8582
9328,8575
9329,8582
9330,8582
9331,7852
9332,8582
9333,8555
9334,8032
9335,8582
9336,8582
9337,8380
9338,8582
9339,8582
9340,8582
9341,8582
9342,8540
9343,8582
9344,8582
9345,8416
9346,8582
9347,8582
9348,8582
9349,8582
9350,8582
9351,8522
9352,8575
9353,8582
9354,8582
9355,8279
9356,8245
9357,8582
9358,8582
9359,8168
9360,8582
9361,8582
9362,8582
9363,8315
9364,8582
9365,8315
9366,8582
9367,8582
9368,8582
9369,8582
9370,8582
9371,8582
9372,8582
9373,8582
9374,8582
9375,8582
9376,8582
9377,8582
9378,8582
9379,8582
9380,8368
9381,8582
9382,7998
9383,8350
9384,8582
9385,8582
9386,8562
9387,8582
9388,8582
9389,8555
9390,8582
9391,8353
9392,8582
9393,8582
9394,8582
9395,8396
9396,8582
9397,8582
9398,8582
9399,8582
9400,8548
9401,8084
9402,8582
9403,8188
9404,8582
9405,8491
9406,8582
9407,8582
9408,8530
9409,8582
9410,8144
9411,8582
9412,8582
9413,8378
9414,8356
9415,8582
9416,8582
9417,8563
9418,8582
9419,8582
9420,8582
9421,8312
9422,8429
9423,8582
9424,8521
9425,8582
9426,8582
9427,8582
9428,8548
9429,8551
9430,8582
9431,8582
9432,8382
9433,8582
9434,8084
9435,8582
9436,8582
9437,8582
9438,8582
9439,8582
9440,8582
9441,8292
9442,8304
9443,8466
9444,8582
9445,8582
9446,8582
9447,8582
9448,8582
9449,8504
9450,8234
9451,8091
9452,8391
9453,8582
9454,8389
9455,8582
9456,8582
9457,8582
9458,8582
9459,8582
9460,8582
9461,8510
9462,8582
9463,8582
9464,8582
9465,8412
9466,8464
9467,8582
9468,8014
9469,8430
9470,8578
9471,8582
9472,8521
9473,8582
9474,8559
9475,8162
9476,8220
9477,8574
9478,8372
9479,8517
9480,8582
9481,8582
9482,8097
9483,8582
9484,8582
9485,8582
9486,8582
9487,8582
9488,8582
9489,8575
9490,8582
9491,8582
9492,8515
9493,8582
9494,8451
9495,8582
9496,8582
9497,8582
9498,8582
9499,8460
9500,8211
9501,8361
9502,8582
9503,8582
9504,8293
9505,8582
9506,8399
9507,8582
9508,8279
9509,8525
9510,8582
9511,8582
9512,8582
9513,8535
9514,8582
9515,8582
9516,8261
9517,8445
9518,8582
9519,8582
9520,8221
9521,8582
9522,8582
9523,8582
9524,8551
9525,8582
9526,8426
9527,8549
9528,8582
9529,8180
9530,8582
9531,8582
9532,8582
9533,8571
9534,8490
9535,8582
9536,8550
9537,8582
9538,8582
9539,8478
9540,8555
9541,8582
9542,8582
9543,8258
9544,8582
9545,8571
9546,8582
9547,8382
9548,8582
9549,8073
9550,8554
9551,8582
9552,8582
9553,8416
9554,8582
9555,8582
9556,8582
9557,8582
9558,8582
9559,8582
9560,8582
9561,8582
9562,8246
9563,8582
9564,8380
9565,8578
9566,8120
9567,8529
9568,8332
9569,8582
9570,8582
9571,8576
9572,8471
9573,8582
9574,8582
9575,8582
9576,8582
9577,8582
9578,8451
9579,8579
9580,8582
9581,8291
9582,8512
9583,8582
9584,8582
9585,8582
9586,8582
9587,8213
9588,8582
9589,8582
9590,8582
9591,8582
9592,8530
9593,8582
9594,8315
9595,8582
9596,8582
9597,8431
9598,8582
9599,8437
9600,8146
9601,8582
9602,8582
9603,8582
9604,8582
9605,8509
9606,8160
9607,8582
9608,8053
9609,8582
9610,8375
9611,8425
9612,8358
9613,8242
9614,8582
9615,8582
9616,8582
9617,8389
9618,8505
9619,8582
9620,8450
9621,8517
9622,8582
9623,8582
9624,8582
9625,8582
9626,8558
9627,8346
9628,8582
9629,8582
9630,8582
9631,8560
9632,8582
9633,8500
9634,8191
9635,7953
9636,8582
9637,8514
9638,8582
9639,8582
9640,8147
9641,8082
9642,8582
9643,8582
9644,8582
9645,8582
9646,8578
9647,8377
9648,8308
9649,8582
9650,8316
9651,8581
9652,8471
9653,8582
9654,8582
9655,8518
9656,8393
9657,8582
9658,8582
9659,8582
9660,8380
9661,8417
9662,8494
9663,8582
9664,8582
9665,8481
9666,8370
9667,8500
9668,8582
9669,8582
9670,8582
9671,8582
9672,8493
9673,8582
9674,8538
9675,8295
9676,8582
9677,8533
9678,8582
9679,8582
9680,8454
9681,8582
9682,8582
9683,8582
9684,8582
9685,8582
9686,8582
9687,8499
9688,8582
9689,8582
9690,8582
9691,8428
9692,8312
9693,8582
9694,8582
9695,8582
9696,8582
9697,8460
9698,8253
9699,8336
9700,8578
9701,8582
9702,8582
9703,8582
9704,8582
9705,8496
9706,8582
9707,8582
9708,8252
9709,8582
9710,8444
9711,8582
9712,8579
9713,8582
9714,8582
9715,8582
9716,8582
9717,8268
9718,8582
9719,8522
9720,8582
9721,8498
9722,8582
9723,8582
9724,8492
9725,8582
9726,8295
9727,8582
9728,8361
9729,8582
9730,8497
9731,8394
9732,8582
9733,8582
9734,8567
9735,8579
9736,8582
9737,8317
9738,8582
9739,8582
9740,8412
9741,8582
9742,8541
9743,8582
9744,8582
9745,8582
9746,8582
9747,8582
9748,8582
9749,8336
9750,8582
9751,8417
9752,8582
9753,8582
9754,8150
9755,8582
9756,8305
9757,8172
9758,8582
9759,8346
9760,8582
9761,8348
9762,8496
9763,8450
9764,8582
9765,8214
9766,8582
9767,8582
9768,8582
9769,8393
9770,8514
9771,8582
9772,8582
9773,8495
9774,8431
9775,8582
9776,8208
9777,8582
9778,8582
9779,8582
9780,8582
9781,8581
9782,8582
9783,8582
9784,8342
9785,8582
9786,8414
9787,8582
9788,8582
9789,8582
9790,8582
9791,8582
9792,8553
9793,8225
9794,8582
9795,8582
9796,8452
9797,8582
9798,8582
9799,8582
9800,8582
9801,8582
9802,8582
9803,8582
9804,8582
9805,8582
9806,8499
9807,8582
9808,8582
9809,8582
9810,8582
9811,8582
9812,8582
9813,8196
9814,8516
9815,8582
9816,8468
9817,8582
9818,8582
9819,8582
9820,8412
9821,8582
9822,8582
9823,8582
9824,8582
9825,8582
9826,8210
9827,8582
9828,8582
9829,8477
9830,8519
9831,8582
9832,8582
9833,8582
9834,8579
9835,8582
9836,8582
9837,8359
9838,8582
9839,8582
9840,8454
9841,8582
9842,8582
9843,8448
9844,8582
9845,8582
9846,8582
9847,8170
9848,8582
9849,8582
9850,8383
9851,8001
9852,8582
9853,8582
9854,8512
9855,8188
9856,8176
9857,8582
9858,8582
9859,8132
9860,8582
9861,8582
9862,8582
9863,8582
9864,8582
9865,8582
9866,8582
9867,8582
9868,8582
9869,8554
9870,8582
9871,8473
9872,8582
9873,8582
9874,8582
9875,8488
9876,8582
9877,8582
9878,8582
9879,8582
9880,8335
9881,8254
9882,8523
9883,8582
9884,8315
9885,8582
9886,8582
9887,8582
9888,8582
9889,8582
9890,8582
9891,8582
9892,8582
9893,8516
9894,8582
9895,8582
9896,8271
9897,8582
9898,8428
9899,8341
9900,8469
9901,8582
9902,8582
9903,8369
9904,8582
9905,8439
9906,8582
9907,8582
9908,8582
9909,8582
9910,8582
9911,8449
9912,8582
9913,8268
9914,8427
9915,8582
9916,8582
9917,8582
9918,8582
9919,8582
9920,8582
9921,8582
9922,8582
9923,8171
9924,8582
9925,8582
9926,8582
9927,8582
9928,8116
9929,8582
9930,8582
9931,8582
9932,8473
9933,8507
9934,8582
9935,8582
9936,8582
9937,8582
9938,8260
9939,8582
9940,8388
9941,8582
9942,8582
9943,8582
9944,8582
9945,8582
9946,8235
9947,8582
9948,8260
9949,8270
9950,8582
9951,8582
9952,8582
9953,8582
9954,7942
9955,8379
9956,8241
9957,8582
9958,8582
9959,8531
9960,8582
9961,8463
9962,8582
9963,8351
9964,8520
9965,8582
9966,8488
9967,8096
9968,8172
9969,8582
9970,8582
9971,8582
9972,8582
9973,8582
9974,8582
9975,8582
9976,8582
9977,8516
9978,8484
9979,8033
9980,8429
9981,8582
9982,8381
9983,8557
9984,8338
9985,8582
9986,8576
9987,8562
9988,8582
9989,8582
9990,8582
9991,8582
9992,8582
9993,8456
9994,8290
9995,8582
9996,8582
9997,8582
9998,8582
9999,8527
10000,8517
